-- phpMyAdmin SQL Dump
-- version 5.0.2
-- https://www.phpmyadmin.net/
--
-- Host: 127.0.0.1
-- Generation Time: Jan 22, 2021 at 09:07 AM
-- Server version: 8.0.22
-- PHP Version: 7.4.9

SET SQL_MODE = "NO_AUTO_VALUE_ON_ZERO";
START TRANSACTION;
SET time_zone = "+00:00";


/*!40101 SET @OLD_CHARACTER_SET_CLIENT=@@CHARACTER_SET_CLIENT */;
/*!40101 SET @OLD_CHARACTER_SET_RESULTS=@@CHARACTER_SET_RESULTS */;
/*!40101 SET @OLD_COLLATION_CONNECTION=@@COLLATION_CONNECTION */;
/*!40101 SET NAMES utf8mb4 */;

--
-- Database: `mit_ct_oa_sdb`
--

-- --------------------------------------------------------

--
-- Table structure for table `category`
--

CREATE TABLE `category` (
  `category_id` int NOT NULL,
  `name` varchar(255) NOT NULL
) ENGINE=InnoDB DEFAULT CHARSET=utf8mb4 COLLATE=utf8mb4_0900_ai_ci;

-- --------------------------------------------------------

--
-- Table structure for table `course_assesseval`
--

CREATE TABLE `course_assesseval` (
  `cassesseval_id` int NOT NULL,
  `course_code` varchar(15) NOT NULL,
  `group_ref` int NOT NULL,
  `session_ref` int NOT NULL,
  `assess_num` int NOT NULL,
  `question_num` varchar(10) NOT NULL,
  `reg_no` int NOT NULL,
  `mark` float NOT NULL
) ENGINE=InnoDB DEFAULT CHARSET=utf8;

--
-- Dumping data for table `course_assesseval`
--

INSERT INTO `course_assesseval` (`cassesseval_id`, `course_code`, `group_ref`, `session_ref`, `assess_num`, `question_num`, `reg_no`, `mark`) VALUES
(1, 'CS6101', 2, 6, 1, '1', 2018503557, 2),
(2, 'CS6101', 2, 6, 1, '10', 2018503557, 10),
(3, 'CS6101', 2, 6, 1, '2', 2018503557, 2),
(4, 'CS6101', 2, 6, 1, '3', 2018503557, 2),
(5, 'CS6101', 2, 6, 1, '4', 2018503557, 2),
(6, 'CS6101', 2, 6, 1, '5', 2018503557, 2),
(8, 'CS6101', 2, 6, 1, '6a', 2018503557, 8),
(9, 'CS6101', 2, 6, 1, '6b', 2018503557, 8),
(10, 'CS6101', 2, 6, 1, '7a', 2018503557, 6),
(11, 'CS6101', 2, 6, 1, '7b', 2018503557, 8),
(12, 'CS6101', 2, 6, 1, '8a', 2018503557, 8),
(13, 'CS6101', 2, 6, 1, '8b', 2018503557, 8),
(14, 'CS6101', 2, 6, 1, '9a', 2018503557, 8),
(15, 'CS6101', 2, 6, 1, '9b', 2018503557, 8);

-- --------------------------------------------------------

--
-- Table structure for table `course_assessment`
--

CREATE TABLE `course_assessment` (
  `cassess_id` int NOT NULL,
  `course_code` varchar(15) NOT NULL,
  `group_ref` int NOT NULL,
  `session_ref` int NOT NULL,
  `assess_num` int NOT NULL,
  `question_num` varchar(10) NOT NULL,
  `question_stmt` longtext,
  `question_img` longtext CHARACTER SET utf8 COLLATE utf8_general_ci,
  `blooms_level` int NOT NULL,
  `co_num` int NOT NULL,
  `marks` int NOT NULL,
  `entry_date` datetime NOT NULL,
  `section` varchar(128) NOT NULL
) ENGINE=InnoDB DEFAULT CHARSET=utf8;

--
-- Dumping data for table `course_assessment`
--

INSERT INTO `course_assessment` (`cassess_id`, `course_code`, `group_ref`, `session_ref`, `assess_num`, `question_num`, `question_stmt`, `question_img`, `blooms_level`, `co_num`, `marks`, `entry_date`, `section`) VALUES
(41, 'CS6109', 2, 11, 1, '1', 'Define Exploration?', NULL, 16, 22, 2, '2020-12-19 07:03:07', 'Part A'),
(42, 'CS6109', 2, 11, 1, '3', 'Define Abomination?', NULL, 17, 22, 2, '2020-12-19 07:03:07', 'Part A'),
(43, 'CS6109', 2, 11, 1, '5', 'What is Management?', NULL, 19, 22, 5, '2020-12-19 07:03:07', 'Part B'),
(44, 'CS6109', 2, 11, 1, '6', 'What are the types of DBMS?', NULL, 20, 22, 5, '2020-12-19 07:03:07', 'Part B'),
(45, 'CS6109', 2, 11, 1, '2', 'Define Examination?', NULL, 17, 22, 2, '2020-12-19 07:03:07', 'Part A'),
(46, 'CS6109', 2, 11, 1, '4', 'What is Teams?', NULL, 18, 22, 5, '2020-12-19 07:03:07', 'Part B'),
(47, 'CS6109', 2, 11, 3, '1', 'Stmt', NULL, 16, 3, 2, '2020-12-15 18:58:49', 'Part A'),
(48, 'CS6109', 2, 11, 2, '1', 'A', NULL, 19, 24, 2, '2020-12-26 03:46:14', 'Part A'),
(49, 'CS6109', 2, 11, 2, '2', 'B', NULL, 17, 24, 2, '2020-12-26 03:46:14', 'Part A'),
(50, 'CS6109', 2, 11, 5, '1', 'What do you mean by <b>DBMS</b>? What are the difference between x<sub>2&#160; </sub>and x<sup>2&#160;</sup>?', NULL, 16, 23, 2, '2020-12-28 10:50:24', 'Part A'),
(51, 'CS6109', 2, 11, 5, '2', '<ol><li><i>What do you mean by <b>RDBMS </b>and<b> MongoDB</b>?</i></li><li><i>What are the difference between x<sub>2&#160;&#160;</sub>and x<sup>2&#160;</sup>?</i></li></ol>', NULL, 18, 23, 2, '2020-12-28 10:50:24', 'Part A');
INSERT INTO `course_assessment` (`cassess_id`, `course_code`, `group_ref`, `session_ref`, `assess_num`, `question_num`, `question_stmt`, `question_img`, `blooms_level`, `co_num`, `marks`, `entry_date`, `section`) VALUES
(52, 'CS6101', 2, 6, 1, '2', '<div>State the advantages of cloud service deployment<br></div><img src=\"data:image/png;base64,iVBORw0KGgoAAAANSUhEUgAAAX8AAAC+CAYAAADdhw/CAAAAAXNSR0IArs4c6QAAAARnQU1BAACxjwv8YQUAAAAJcEhZcwAAEnQAABJ0Ad5mH3gAAKXnSURBVHhe7b13gBRF8z7++/P7eYPhNeecE+aMCpJRQJFkAFQk5yxRkiKiIggoQQTEACiCSlCSSJaM5JzD3e3ubA7H86uneuZu7zjgDu6OvWPrKGbDzGxPddXT1dXd1f8fkpSkJCUpSUWGotEY9uzZh4WLlmHJ0r9x4OAh/SyvlCP4Hzt2LMlJTnKSk1xMOCfKAv7ZL0hPT09ykpOc5CQXUc6O6fGk4O984VwQi8WycDQaTXKSk5zkJBcRzo7h2RsDBf944HeAPhKJKIfD4SQnOclJTnIRZQfLnQYhvgFQ8I8H/iTlL6WrfEXY6dLDEub72DFpjYXTs7DUgbJzPs8zdZPI5CiS8zpeubJzopApj9SFyFjLS3nHlVM/i5kj6yXjO/7ZrxOBnLKeTObZuSDI3Dsv8rTLm2DyLO6UvQHIAH9+wZYiSflDjlLTEAzgy2sxADUMNQT5jMZgG0QGyKgBHUNU3kflPb9PZHKeM/61o1zZOVHoGPVdysP5ERRvVP5jw0tQchphPoM2vvZnifgs2cuUGy4Iyq081RGyPyuMciUpKxHfifOOfSr4szVg1yAYDNqnJelMyVFqBX0bzGPptscvlRDz+BBN8yCW5jbs9SEmdcBz0sk8zzaYRCbnOZ3XWmbhQCAAv9+vuhV/TiKQNrAxltPUx7GgGIXbK/VgSZ2QpV78AaTbhsI6cJ4hkZ6F5XAM+UTlyn5OQdDJ5GlkSnn6E16exZ2I78R5xyb/P1YG37BVoMEmKW9EvRX1tbuwxtj4wng59O4FxMUQIpt2ITR9MfxfTIb3/a9gvTsU3vaD4etg2Nt1OHz9xyI4eirCc/5GZNtebRCM4fKHnB+T+2a8TCzDoQ6tXLkSXbt2xeuvv47XXnsNnTp1wuLF8txi/IVFRlxOnWRj0fVYqgvhtdsQnLYAgUE/wNt7FDydpB7af6bs7TAEvu4j4Bv4DQITZiC4aA2iew7hWCCoQKf3kT+pGa0I+XdWyOfzYcmSJZg2bZryL7/8koXnzZuH/fv3Zz77aRb05PIU/Eh1I7xuO4K//IXAZxPh6yPy7DxE9Dtenl/C95HI85vpCC5cjciegzjmTyx5FncivtNGndCPgr8T8ilMAy0uRMV1YvYm5kmW99GIAMZhBCbPga/HSFj1+8BdozPcVdrBXbkN3BVaZeWKrfVzT9X2sGq9C6vh+/B+II3BzMWIHk6DtCKIyG8xVBSjwfB3+Nvy/mySAwLUH4L8U089hUcffRSNGjVC7dq1cc899+Dxxx/Hn3/+iVAoZF9VcKT1ITLJZPZsRWYC3NFNO+EfP1MbXt+rveCu3hmeF9rCXUlkn1N9yHeelzrCU6cbvC0GIijAFl6wGlFpPGhA8WG7s0G7d+9Gw4YNUaJECeX7779f+d5778Udd9yB559/XhsFp47IeaUTylO8yOjmXQLmv8PqMgy+13rD/Uoe5Nn8IwQHfY/w/FWIpiSGPIs7Ed9pp07oJwP8aZhJ8M8r0aDEX9EwDYFZOBxBZMc+BMf9Bm+rT+B55V24xBis55vD9XwzuE/BruebwlWmKdxlm4uxtIO3dnd43x2O4I/zEDl4FLGoGJ42NJnGeDbJAZWUlBS0bt0al19+OX799Vfs2rUL27dvx4ABA3DDDTegR48eOHjwoH1VwZGpB9NA6tEfQGTtFgSG/wRv4w/hflnAp4I0vqVbCIucc6iD7Owhl5Pzq7SHp14v+PqNRmjmEsRS3Cp/hjrOBtHz/+OPPzBu3DiMHTtWj+RevXrh4Ycf1kZ3wYIFGXVEzivxmuPkuV56TV9Oga8J5dnpDOTZDp6678ErPYXg9EWIHXWdVXkWdyK+E+dzBH8qU5JyT2JO6qWoDMVzibo8CM5YBF/bwbBeFi+onCi5GkQTBXTzOmeDiGcah6uMHHkNPysvnlPNbvB3HYHQ4jWIBgNiiFFtBGiQZxP+HVA5cOAAqlSpouB/6NChjK7lb7/9hptvvhktWrTA3r177asKjhzw197svoMITpwFq5mAVLUOcBNwtA6aI82Wc+4Ay9Qhjx7WS+XWAlo94f94AqKrtuhvnQ2i3NmV93q9ypZlweVyaQNw9913a9gtNTVV68Gpp7xSFnkeOCROyB/itee3PFvB80YP+AaMR3TF5rMmz+JOxPck+J8J0YBoQ8KOt58eiQnQHEJg9FRR4p5iFC0F6I0X7yklym6/dqnCGwNwncpI9HtzDs9lr8FTQXoQ7/RBcPJcxFzidbLBsQ3bITZIZ4MIMh07dsRFF12Ejz/+GEeOHMn47KabbsKoUaPg8Xjss/OZtE4MuGmdSO8rvH47/J9MgKdO1wyQMnVg96zs98fJ/QSs18k1pl7lszLSk6sqPbM2nyL0xzIgFFbZm6IUXh04oO4we1zt27fHAw88gNGjR2sjHP99rojn2ecbeQrwb9wJ/6Dv4Hm1W/7JUzhTnnKs0lZ7y6FZS86aPIszJcH/DCjDgOyjGoYAf3TnAXg/+wGeVzrZym2DNl+LcscrfMZrMRbndY6c5TphGocwjcTzancExv2m3WTGX1kOmocxlrNjKIwlLl26VL1/xvlbtWqFtm3bavy/TZs2GgIiEOU3aT2IDtM71aMAf2j1Fvg4iCveqcrMkakjS752QCeXnPXc5pmvK7TS8ZnQtD8RExvSsIWUozDI0UeHKV+G3Dju8vLLL2PHjh32mbmnnOTJwXFfvzHwvBQnT1s/z0SemefHybN8S1hv90VoyjxEC1mexZ2S4H8G5BgZwVY5XYB/z0EEPp8sQCPAHwfY+cmOoWQajDQctbog+O0sxFI8aiBO2cjyn13iwiP+Lj37kSNH4oorrsAtt9yCa6+9FrfffjvGjx+v4YiCIG2AbaBiDyyybhv8fUbD82I7IyeVVwGzeMLWW30RnLEYMbElNsiFQfF1Tj58+DB69uypA74ffvihNsh5pePk+c8O+Pt9DU+V9vKshSTPsiLPer0Q/G2hND6cnZIE//ygJPifATlG5oB/7Ggagt/PgvXKuwr8afEeTEEyvawyTTTEFJq9HDGvP3PKnLD8Z5e48IhziDm1kDN86Hm+9957aNq0qYYfqlWrhhkzZmhMOr/JNMLGU43sOgj/oO/hqdpBZESgKjiwytoYC7MBeOd9hNdvQVRAszBIdVGe2znOnTsX5cqVQ4UKFbB8+XKjC3mkLPLccwj+IZPEseloj1cVojzLNtcGNbxmE6LS+0jSmVMS/M+A1MhsjgXDCC1YBU+Dvhq3pGFkDzHkxFkUPNvr3LK5hoPIzWC1+QSRjTvFS5MK5eCzlK2woJ/ycHjfvn2oXr26DjROnDhRvVCGej777DP1/mvUqIHNmzfbV+YfaZ0wNCANYGDiH3C/2l1lZOqEssoZsJyYs3lvjikCcGkau7bP4z3s+2Rnpx4d5mBnWvnm8PYcofPeTWOsBTQFLQByZE8bdrvd6N+/v8r/3XffPe2GNos8f5wL92s99HlPKk+Vk3weL7ssbGSd83eG42VJVnmWbQpv9y8QPZxaKPIs7pQE/zOgDMMQjuw8AN+AcXBx8MtWVp3tcAp2QIfGtP2Zt7Hg8dpY/dQbOFK6sSp9lvjnCZigb35L7lOhFQJjf0FUp8mZ7jrLWRjkgA/1h4u7GO6pWbOmhhuccqSlpak3euutt+o6gPwm/gbrI7x6C6x2n8ElHqORoy0rkVG87OI/Jx8p3QR/P/kafnjgBQy/txxG3lceMx+pjp0l3zYNQS7AXz+T89LKNoa7YhuEZi1GjAOWtnwKqkF27k+mp884/7PPPovp06frZ6dDvE7luXYbvB2H5FKe/IzgLw6JvE8p1UR1e+1T9bBKdHvbM2/hsOq36LbK8/h7nFierRH69S9dp+E8a2E6OMWJkuB/BqSKR/DnoOKsZbDqGC8zbyyAU6ohFj9eCx/c+QxqXHsn+t/1LLaKgZhB4LyHjjzv9BNj3YJYlEu3Cwf8HUMkU39WrFiBK6+8ElWrVtVVpZyCSObsk7Jly+oipGXLltlX5x/RI+SCo+DoX+B5ubOAR07gdDzreQIw0x95Ge/c+ADKXnkjnrriWjx86dWodOXNGHZPGWyWOuEUxpyuz86u0qy3JnLPptIb+xTRlDTTGIt8GEIpiCox+piuIbchQ4ZorJ8D7VxP4dRNXsnIM4TguBnwVH83V/I05zQRWTXBvmcb4tsHKqPrbU+g6c0P4e0bSqCzvP754WrY/cw7Ip/c6XcWebb6GJFDRwtcnsWdkuB/BmSMTcDuSCr8QyfBU8Z4/XnhAwL8kx+oirduvA/3X3IlLjnvfNS/vgTWPVXfBv/cgVc8e8q3QnDKXEQ9XqQzeVwhGIYDLg4z7EPPkyGe7t276yAvFx4xvQNDEZz5s2fPHvvq/COCQWTXPvg7DTXTL3MRetPphTo9sQX6SwNcTRrgDrc+in53PY1WAlh3/e8yPHrpNZgqgEXwV4812z2yM8d7CIKczusRbzW8cqMZrJTysYwFQY7sN23apHP6H3roIUyYMEFn/dCu+V1eSeW5+wD83b4QebbIlTzJHINKE5nOfawGql59G8pfdQtqXns3KkhDevtFl6H8lTfh14dfRirPzXZtTpz2vPx2nDxDS9fpbKoMeSbBP8+UBP8zIBqThnzWMMTwqSpnTop7Mt4gXeFGNzyIWtfdhdevvwd3CNBkgL8qe87XnYp9/b8Woz2ojdPpGH1uiHfNuDPtT37HYXr5HHBkWofy5cvjxRdfRJUqVVGpUiU0b94c69ev16RSeaHcPAWBIDhnOTxv9c6b/OwQxe+PvIKFj9fBvufeUc91zzMN8Ob19+HK8y7EkLuel16aOS/He8SxLnJioyJHAmZAeiJsjHUdyLF0Cssucf6RI/uZM2dqw0uvf8uWLQb4T1MPCK7B+SukN9nXyDOXjWmagD9fz3jkJfS9oyR+EaBf+2RdLHysljQCd+Lq8y+UxvVZ7C/VSM47td1kytOUwT/iZ0Rdli1PebZcaUeS4ikJ/mdANCauquWiHuu17qKgopgaF859I7C15NsYd38lLHmiDr6T7vETl10j4H8f1j5V1yi6nONwTtfnzNI1bjYA4XXbtEvsGEfGH98LE04z3mf/03NsQJE/nhvP+iffKbBw4VCUHM3CUfF0D+0/gPlz5mDihG8xZeJkLP1rIY7IZxG/H+mhsPIxHoMhkyjtOA4hXY7p/iBi3gCOWVk53ZL7CMd49PgQE0Dwj/wZnuodVQ45yycrU7YeAX9ngNIqRS/Tjm2Xaoaetz+FGy64GB/fVQqHFayOv0d2dlZwe0o3R1pZAasOQxHZsV+zhLKM6S4vjrnzl5kwMN1tYe1fizF+2JdY+vschI+myW/x907vN1WeY36B+5VOIo9cypNylOfn8aDI65A0mNq4agPbFH3uLIkbRZ6dbnsCO599G55c3DdTnmxYKM/PET2YouCvmXJVL5OUF0qC/xmQA37Bn+bCrfPIjeJnV9yTMcHBGFVz/PRQVTxx+bXqaa4X8Cd4KQiJsue2u21YjK1mVwR+W4iweP9R4Vg87zlkPtt5ANHt+xDbtk+PWZhZRLfuRWTTTkQ37kRs464szM+iG3doXpfI6s2IrNiE6EryRuVIPC//B5GFaxBeuNrwotWICPN1iO//WoXQ3L8RlkY0ko35GTk0aykCv8jzTPsrCwen/qkcIP84F4EfZsHbciC4OMgBm5xldGL2lDYhhlQBnP3PNUS9G+7F7RdegnH3VdD6zc1APtmpN7KnRjdd8R387ncEv/8dIfIPic8qz9af6OI1I8u8y5MD5Ueea4R9pRpi/dP10ODGEtLDvRyf3lNaGobGagM5XXcytur21MyqdGwM+Ccpr5QE/zMgBX/xeoMTZmp8OTceTHYuCPDXtBFcadrqE/h7jUZA2N/bZr4mvzcSvq7DNM2uv91n8LUblIW9bQch0OZTeBp+AG+DfrAavJ+FPfqZ8Ft94anXG543esFSfg/W68I8ynsm6nK/1hNWzW7w1OoSx11tltc1u8BdvZPmh+Eq3KzcHq6XhHlkltNKrbOwu1JLeCrKs1aUY3kB7bLG66QXrz2xPMgtgwX82RNIE/7t0Zfw6GVXo/LVt2P+Y7W1rnLbC3PqjWzpdY1g6SwXG0TpKCQ4U5fYiLIHpM91GvJc8/QbmPJgVYwv8QLa3PIY7r74clS/5g7MfbyG3FvOOQ3wd1XtgOiuA6ZnKsifBP+8UxL8z4CoeLFYFMHx0wX4qcBiMDko6sn4ePC/5ozBn0DD8rjKi7fG9LkVWsItAGlYXstnnvICnhUIoAZQmWk0nt2V2sJdWfgF6dGwV8PUvDmxfOeqSnDuYJJ7ZXB7XVylC6xe6qjpfb3VDVsZ3Ake+ZzfWdIAsDFw1+qWjbvCkqNVuxu8r/aAxYYknvWzHvDW6a6L3Dz1pLFhmSg7AlgO8jkVc7DWU6oJ/hEv9dVr78L9F12OL+4tj/3PNjT3zeGanDge/D1lmyPt9R7aUFp1pbGsJw1j/fcSn0WeLpEnG1LqY257PfE8pkRFVLjyBjx8yVUaPrvnoivR7/aSWPXU6zhKRyWHa07FrirtDfgX4JhWcack+J8BKfgfi0nX+HcNMyj45wGklXUQywwi/ije0eMa879XwV89WPmc350McOJBTl/znhUFxBuKl95ePHl69+0HZ7BPmBtqMI+91eNLeHoM18Uz8ezrxuNw+PqOhu+Dr+B7f4wu63c4wOP7wgO+QXDIRASGT0YwOw/7UY7Co6fpyufgd1k5JBz+Vo7yXXjafERmLhJenIXDM5cgMmMpQr8vQ2TRWkSXrc/KS9cjbL8Or9qEyIYd8Hb6XFeEqucfJ6cTsc7gsWVIT5TvOdWWM34IVJ1ueRwbpCEwg8LsUch5Nme/VzwT9Bmf5nmeml0RZvk37TahtM27Eduyp2CZv5GdczrvJBzdtEt1getXKE8+e07PmoXpzUsDynN5zVqR3c+i22NLVEaP259GqctvwO0XXoxutz+FTc+8ffz1OXBm/dh1WrurplIR7LfHtJKUV0qC/xmQAf90zTmiHizBxvb0sitvTuwpw96CzWIwkx6qhscvv04HfNc/JWCj4J8J7Cfi7OBP47De6oXwgpW6S1V6mhvpLk8mpwmnCls+HUyNBQJmUDWOY35RCmEO5halzTS4n4J/6ETNtZ9bL13BWXpgzLiaIjLngqQutzyBWwWgGt5QAmtYFzyP0xf1/Nz1xpzGh96yt9lHiHFlqpTvmOanLxpwxfIGvvwJbvbu5DlMLzXn53XYVYr6TL3m+Qyf2d9RN0XGcx6thecuvxFPXnYdpjxcLVcOU4aseQ957W/6IWL7j6gNJsH/9CgJ/mdADviHl6yDr9GHopxGMU8FCg4r+AvYKGCXaorJD1bBE5ddi7o626e+AJKc5xhOHpgGym0gufVjxlRPWofNfCsQpJ9rt9leCxDPzvxp55yiQixv6Oc/NSSUW/DXHExSZ0efb4x9zzRA+5sfw3UXXIi6Avx/P/0GjgiApZZurGMAnJeuDcAp6lm/4ziQ1J8lgOf7eIKZbSP2RZ0RqdolTmxSef66UMdwjDxzAf56XhN57iY4rLKT9+rImJ7T/lINUevaO3Hv/y7D+BIVj7s+J2ZDyg2QPGInlGmw/1jEjrpVlskB39OjJPifASlwCkd3HYKv39ei2KcGhXgm+BNQdj7bQFePji5RHg9feqUaxjzxjrY/9zYOCOjkdO3JmPH+wNe/IUrvXoCd0z2NkWSyyftDNp692E9Wluci+Be12RQEq+i6HfC2+FhkQcA5NVjR408tR1Bpjj53PIXL/ns+nrr0Gkwo8QLmPlILcx+tiTmP1cSyJ1/DXqkrBbdcgL/TI2PoJzh7mfam6EkXOXn+swveNoPU686NPNU7L8vpnVw3UROrnqyLfc81xNHSjXBYeMaj1fHs5dej5OXX6sK5HO+RnSnreHnOWISoT3qp1GHaYVERaAJREvzPgGgYjPlzPnuQSa+4F68oZ268TYc3Pv2WePr3COhfhTsuuhQXCfBwQVGJiy/DC1fdjK/vO7VnlBHbFq+IR0/1zggv+0fqMYJoelQBR9Emjll2coZ3n/3PbtjkK3MOH7gIkDZWwRC8n0yAiwPcNmDoOIgcnXGULCxySxWw8pRuiUcvvRrn/ftfuPi8C3CF1MMVF5yHq84/H5fJscLVNwtw1ZD7cJD+5PWsv8NGRY4W49OHUsxGO8qsALvACU5GnmF4h/yQIU/1/k8iT8onRcG/OWpfcztKXHQFXr3uHnS49Qk0vekhPHDx1bj2gv+h151PY5c0ptmvz4k5x5+/R2eJg/+RDdvV7phG3dFlo8fU7SIj3rNKSfA/A6KsdPtEUUDuFKWJr2zPyIBDDkCTjXeVbIAh9zyPzrc+rgOL5I5ked/3zmcxW3oAOV0XzwR/pzvM997+4xHedxgRAZnsO3sVd1JPMJqO4LyVmuPIw56TAAe9eksbguNnlzAmz+mMqdITmyue6k8PVsOPcTz5oZfw40PVMEd6ALufyR1Ymdw2LZBWqrEukuIitaJIKs+YyHPBGngaf5BNnvKcIrfsz+5ij/b5xtqjmiWNZf3r7sPj0qjedeEluO9/l6HMFTdh0F2lsKlkfe0hmZlyWe9xHEsjw/pxizwDA76Bp8Ng+L6ZgeiRNESlfKY3K84MdV6O0uFN0ikoCf5nQFS2qChdVBSOG1kHf5ytUykJJmR2T3NU5DgmcHOhy8HnGmmen0PSPT4kx4PCh4VTcjCu7EyvSIFNfs+q1QXh5esQi9ArMsZwLtkBPWsaf8Sy4P98IlwvtpFG2IQgdFBXOLv80piTSYCK0ztTBNxS2ROI4xSpn6PyeQpj1rmoU7IOHpdrBt/rPTUJGctVFMkJU0W8Xvi//FHk2dbIk894AnnqdFB66CLzFOH9otsbBOiXPlEHK558DdulAT1MvVY2PYXs98jOZiJDSzOtt9NQeKSXnfpiO4QHTdRFi1xvQ+yinJ3eQJJOTknwPwOigmk8XRQvsms/fB+Ph6s8k7sJEIuy5gb8qfj0ELmwSLvU4uGYbjUNw36dw3XxzARazKVilW8D/4QZiKSZdM46aCvgfy6hP59ZvUDWyT874O081AZsypTHHMDKBiDm8nGLx0qZxzOvYVZJE+5h/Z4arNKY+ljAKThvhWZ9LapglCFPAdTIpl3wctqnyFPlcgJ5sheVZg92qz6zJ8AQGPMiCbORdWSrU2Hp0We7R45csR38s5dqUjdulKPp019oKz3drxHZshtRdXhOP4nduUZJ8M8DUaH0zz5qPDQWVcXzfSRd0artoWkFRCFN3nNjIM68cHro2RXaeFFiCDQUB+x5nrAaRrbzlRWszDkGuOQeYkDeT75FZP9Rqb+YNkrnoufvdP218QuFEZi/Eu5mA7RXpPJXeVGGjqz5mmAkACQAZfG11kUmG5Az1+k1yuazrHXCI+8rr6u0RXDMzzrIGynCnmgWeXJsa+FquFt+ZORpy+84eYo+clYUez9OgjeeY8amDPCb804C+rYcHdm7K7WB7yuRpzeAWCCE0Jot8Lb+1IxDvNAa/u4jEJbPWOcZek87ddh+niRlUhL880AK9gqqBljp8Yc3bIfvgzFmXnnF1vC2/QyBybPh6TREp6apEosCcxeinEBDvSjh7J+fjNUo7EZDjaNMC3jfF+9nx37EIhzgTSq7QwSL4O9LYDXtL3IyAKWs3inlSE8+U7anx6wH3reF3FMa5CodYQ2fjFhKqq0zxac+Yj6R55zlsJqbBtWRJxvQeHkaHT0DFnmyJ6bjCi+2h3fIRN0TgWNYDLNGg2Hp2W2Dr+tweLjSvHIbWB0/l17BP4hK48DzNOkbj1IHrIckZaUk+OeBOPhllEqOArKhNVvh6zPaLIAR5fO+O8ysMnV7EFq7Bb5eo+Cq1FINQz2eHKZtnh7402OyAUcMwzfoB4R27de9TVl/SeTPJM6siblFyeet0DxGHmcltu2BMolbTjLOC2vvQI46cFy1DfyffIfw4RSkSw+M4w9aJ8WEVJ4ekeeCVTrBoUDkqfcTlobUW7Mb/EyHfSAFEQ7scuqyE4YSfY9s3aPOF/NAcZcvb6tPNEmg9hAU/A0nwf94SoJ/HohKR0WKRiIIrdigqRFcVZj7pi18PaXbuXaz7iKljUMwhPD2vQiMmgJvHS44YgzUdIGzKPppgL+CjBid981+CP0wG+EDR9XjV8OQ306qeSZpzJqgYQUQXr0ZvoHfaCI5hoDMwHwu480nYR0vKNMSlvTAPAxBfPodIvYuagZ4CmcD98IggqjOrhFwDa8T5+fTCSZBXz7Kk+yp1BZWSwHy3xYhnOLSXrb+rug4nTD16OU1nbDIzr3iAH0Hzyvvav4qT5MPddV91OUxdSDnHZNjUQ29FRQlwf8kpLpi/tM/jSVyy8Yl68XLH6qg76raDt6+oxFev1V3FtJFU1RMKqgoJqeiheau0Nw4nhqinGUZCqKC2+GHbOCf0V0WYzIelcP25wL6nrq94P3sW4SWrRevlhuEyG/SKMTBJNglVTyTaPCsD62TUBiRPQcRnPYnvF2GmUyiAlaUuQld0HM1r81ntsxtzjjPqQ8Oar4g9S9g4+0/Vr1OJnCz3uytOYa4BkRBSuqnuNBx8tx7CMFfF8DbbbjIkylOjpenkZ0dHqLcssvReU15Vm4Lb+MP4P/yJ4TXbEO6J2CDvgEoDbdKGTSU45RDGtrIngPwjZgCz6s91EasBn0RnDQbEU4F5TlynQmH2sccjCR745D9Pclca7ioUxL8T0Kmy0iPQZSMHBZl/2uNJkVjjJFdTd+H4xCmoXOgSc7JUC65nkdV0ID0AnYfQHDmMvgHfQNf4w91IRaV1CTKijcKOarRyGc6jU5eVxBlrtUFPvGE/MMmIzh/NUIHjmhDpANb+pv8Qf2XpOxkG6uKiEDi8SG8eRf8P8+H9/2x8LzdD56qHdVrVZDKaAQyWQcn5TOeQ4Bi+ghf52EIjvkV4eUbENkl9fvLAljiEHgqi/c/cLzqhAlRFJ+wj1K8POXZuJFOeMtuBNiofjAOHqb8rtZJtzXNBH3qs33UzxgGNY2s2pKANhPyBb6apvs/pB9N0w2CVKeVjW3Z/5T1C/1U7Izjb/uPIDB+Orz1e2s4yqrXC/7xUj8Hj2TYstojWa/NSvpMOTB3pTty5AgOHToEy7IywJLfFWVKgv9JyHhtolhSydxpKjxvJbxtPoVLjNslXiNjuxEBkWjIdPEpu3iiajj34DEaCCN64BAiKzbCP3U+AsN+hK/XaFjtBmlXVVMac/aC9AQ8tbvBaj9UM2gGR/6E4PSFiIgnFDksngx/T8rEga/sv5mkkxMNVuuEYQSvH5GdB7QnF5w0B6HBP8Dq8QV8rT+Fm+E89soqtYElPS1fs4/gk95eYMB4hMb8htDsv3XqYyzVIz081n8Mkd2HEGAosIwAXO0uiMp9tVcm9VRcifiXIU9fQBrBgyLPfxCcbOTp7fmF2ozVqL/2WHXfh7elcXjJ9LqYspuZYUN/LEeEmwYxxJPH7T1JrNco6+Bwiv62t+EHpgfwancERvyEqDhfJgQkdijlzcluHLB3OCzO3sqVK/H555/rlpjNmjVD3759dZtMt9ut5xRlSoL/ScjE+EUewSDCs5eZfDGVBJxrdoJ3yPeIbN0r3l1UlC6zhxBPBvxN45HRVRWm9xn1BxA74kJk236E1m1FaNkGBL6cIsraTb0Wf/+xCK/bjujOgwIwbk1ZwJWW/B2n68vBRE0VkKRcEw1WwcqRI2XKNBii6+mHUxHZssfsySxg5S7fQnsFoZ/nISoNtu5etu+wbm2oXr3eg0yAF/DzhxBasBquGp3hqtAC/neHIeq29JziSjnJM13wI16enIIZXroB4QVrEPqTO7mt016Tp6yAc+P+OnhsekkMkwlns6PcUPxkjFiKG8Ff/4LVfKDYUivtNfvFXsPb9khdRxHRskbtKzPJAX2HV61apXtQP/PMM6hevTpeffVVlCpVCpUrV8bkyZO1wSvKlAT/bEQodZjgSm8mMGsJrCYfwMNNUKhIwyeLx2imVRrFpwdugD07KdgLO8Bv3ktDoQroGA5j9ukIz/lbvKJ+4v23QWDsr+Zz+V7P57VyvnOd3ovv5ZikPJDKTWRu14GGZZQpW/mOjYG893UYLPXQEt52n+m2lqYOzLnxDbm5Tj6X66JSX5GjLviYV4ghjxfaIDR9iU4QkNPMz9tcbIgyOJE8+R0bA8pHWOWrnA7/xxPgLtcCVouPEPp7g31N5vV5Jb1Wf4d1InXh8kjvbLlOvdbNiap3lh7GOETWb0dE8I0NTfZ6YHkdJv716dMH9913H1q0aIH58+dj6dKl+PDDD/HII49oQ7Bv3z77yqJJxQb84yuOfDpEhXWMWpx5M0f8t4Ww3hFAFi/QqtMVgZFTdNAwFjHdeUfJle37xJOWxfzLPE/PdV5zARAVXhRuznLxNPvqLlqBcdO1QhzQkf/4T9i+jvfTvyTllTJkmMEqXpUm64Hs60jwbwWfgH9s+35b1jxX6kP/7GsctkGH4zCRtVs1vME5/1bTgYjsP6IeMX/LuX9xohPLM+47/tlfUIa+j8brCl3utxyWXpX5PvO6vFLW3zZ1EbME3Bau0U2LuBLYqtJep1+HVm82oTqew3PZaGRcb94fOHAA1apVwxNPPIHffvstAyA3btyIBg0a4PHHH8ecOXPsXy+aVKzAXyvR5rwSr6fnwFw9Ghe0/AhOWwBP/V7wUElf64HAmF8Q3S/d/qjjkZ+OmmYnltXci+BvEfwrt0UwA/zz4zeSlBeixP0E/wqtFfzTd+w3X5yEWE8Op3tFd0RX3OVaIq18SwS/naU9SB1sljplT/FcrlbKyDdgLFxlxa5afYzoqk32N/lH/A32nKP+IELSuPh6jNDtPdkI+N4dhtCyfzTUxFCRwxn1J683b96McuXKoXz58li0aFHGdy6XCx999BHuvvtujBkzxv61oknFCvw5Kn/48GEdmY/kYdDIqViN/8ZiCEuXMfzTPLhf7w532WZy7IngN9N1JyZ+b8I8+QPMjmfPe4Wlm+p5u08m+LNc9nlJKjw6U/Dn7mccYPQ27K8zW7gXLrduZK/ADP6f2/VKGXkLGPxpOzp+IHbKKdjhf7bD+8EYWNU6gvtXW60HIfTXKsS4a52cwzGb+Drcv38/Xn75ZTz44IOYMGGCgr7X68WePXvQr18/3HLLLRg0aJD9a0WTig34s9yzZ89G//79ldltyw1lVLj93NGjLvh/nAuLC0Y46+aNngh8NwsRbofIxkHOVZbzed2ZUjz4h35fCs+bveERDyX0zcwk+J8losw17JNH8HeOZKYfCPwseiT3YGoP39CJiHLgXtdj5I/uFFXisxeO558ZCWCYJ7JjH/wffwsXt1wt2wpWo/cRlt42w0OcKurUHZkzfRjzv+eee1CrVi18+eWXGDduHAYMGKADvjfddJO+LspUZME/vqLIBPsXXngBl19+OS688EIsX77cPvPExOsIsBq7J/AfOorA93/AermLTtez6vaGTxoCnd1hx2zlv4zr8sN8s4D/rKWw3uxlwH/CTP1M/rPPTFJhESXu6/CZAf/2uQN/h1hnZM4Ai7hdsLgDloCcq0YXBJf/o0nJFJTO4XqlfPwfjhXnSsC/9ScC/pvtb/KPKF2nLsjaE2C6jf2H4Rs2CVbNrnCVaw7vq+8hMH2RzqjLbABM/TC+37VrV5QtWxalS5dGxYoVUbVqVTz11FO4/fbbMXToUPNjRZSKBfizlf7ss89w2223aTeN4M+R+ewUfw2ZoK/dcHleDsoFvpkOt3QLrbIt4a7XC8FpfyFqBeR7nlswm24r8GvMH4gI+HsF/DnHPDBhlpZRv0hSoRIlruBfsU2ewd8h1S0Bm+CCVeJMdNJV3J5+X4meHdYVq+c8+H/wta7o9bb9FNE1W+xvCo4obe2xR6UXcCRNx+9cdXrAW6q5pvsI/TQX0biwrtNAHz16FAsXLsTEiRMxdepU/Pnnn+jevTvuv/9+/awoU5EHf1bWpk2bdErWm2++iYYNG+LKK6/EsmXL7DMzybmGLPUL3YSF3cG9BxH46hekVWsPD+d2v9UHwZlLEONiKjlHUycISBsVyl8ywG88/8isJTb4t9dBQn5eEL+ZpJMTJX5m4E/wsNd/iB15e4+Ep2JLpDG//5xliPmCOjvoXCXquu997nltg//awgB/sTQCOntkDN96fPBN/APuV3vqSuS0lzsg9M1vCHFCR9hM4Sb4x2MGsWbNmjWoX7++9gb4uihTkQZ/ltXj8aB169bq9S9ZsgSdOnVS8D+Z5y//mcoMRxDddQCBET/DU7mddPNbwNfAxAGjzNMv5+jsHyqCcEGYqwF+A/7hGYth1X9P00YEv/9dP6faJqlwKQv4c6rnaXj+nEfO7SSpP6H1WzV9AROfMbNodNteHRQ+V2uWul7o4C/Cph3T+4+K5FmGdMG44K8LtZevC/o40eLLKYjs3q97F6SlpSElJUVTOngtL3bt2oWBAwfi4YcfRocO0ljI9UWZijT4M9yzYMECXHHFFejZs6eWlzE6B/x5Tjw7Lbn8h3Tx+MM79iEwZBLcCvwt4WnUH5EFa+T5zSwBnbdN0LeVpiCMNR78Q9MXwVOP4N9RwP8P/f2C+dUknYyoIhkxf53nz0VexvOjzpH52tEr1alsZEKKZrUqJwr4P5+sG7y4RM9Ck+cg3eXN5lnaF54DxOdlosPCBH8SZaw2RZuWN07INzh/JayG/c3GMNLg+z/9FqGte/DtuPH49NNP8d133+H7779H+/bt8dBDD6FGjRr4+++/9R5FmYos+NP4OMj70ksv4d5779WpWfysS5cuuOqqqxT8+SwK3lrRtgfPEA7TwDIPOHffqtgWllR6oPGHmuOFgz6MyUZzWP5dEGQM3xi/A/4u8fw58KzgkAT/wicRuYJ/eQH/toM0aRl7mNu2bdNwInuYW7Zs0c+cRuBUxLQQVoN+cJdrLkAjvcs1WxV4TGoIo6PnCrHX4+/7FZjIUHtC67bZ3xQucUW2poWWXn7w7w2wmn2kO4alVWgFf+/RGNyyI55+8gncdvttuPW22/CQePxNmzbV+i8OdVZkwZ9zbsePH49LL70UI0eO1PfBYBCdO3fWnsBff/2VxUNTL54DbQL8NGYdcJJKZq4eT6tPEV61Vb63Y32M8xdSTNYAv/yW/CP4WwL+7pc6IfjD7CT4ny0SkceD/465i3T6MGd83HXXXTrT49lnn8WQIUN0XUluQIDxf47jWJxmWKY5fCOnIHwkxQagcwz8IwL+fUZrRk+m0YitPzvgn35MQE/krvYuOMHEct52g+CqLLhQtiVSWn2CLT/NwrJFi7FUGv1tW7cqzhAjk+B/Fmnv3r2acOmGG27QObhfffWVrrjjVKyLL74YPXr00Hn/jNmZyjJdPOZZ9/ccpcnTuHzfEuOOiPLRACOiABrekdc8FgZlgv8xhH75C9YbPeF5uTNCE+dog3UugULCkIg8Hvy/ePc9PPfcc7rop1u3bur9sbfJRoAZH3NTRzr4m+aGh1M/mW2yTneEF64SZ8ROEHcO1bOCf18D/l6R89kDf7Ev29ZNb18wYNd++N8drqFg5mfytxTHcNFaREPBDHskJ8H/LBJX2nHghV5+PHOa57///W9ccskleKFyZaxcuUIfjJUbWrtV0/LqvGsBfm7IEmUWR/leewZaofZrTbtQ8OQoE2d/BKcugOd1Af/qAv6TkuB/togid8DfK+C/YcZc/PPPPzrwx/qgbQwbNgzXX3893n777VytJtf4snia4TnL4Hmtp2796P9wHGK7D5pxgXOong34f4U0kYElco6eJfA3+ZjIxvZ19p9w9OBReD8Ya9J6l24KLyeBzF6O9GBY69/0FpLgf9aI5eNUK8bfHF68eDHeeustXHbZZRg1ehT+2bQBXr9XvPqIZg70MlNjBZNt0eo1SlO8RmJRWwkKB+yPIyqQMOd+hKYtgCXgzx2mgpNny8dJ8D8bRIk76R2Y1VNTd9vhQzV+sRHO+XayOzK3+6lIc8cwviw25es9WjzLNnC9JI38b4t0r4hzqZaPhSLw9RllPP/OnyMqvfFEII4HshfGCED4sAv+zyeJI8Z9B5rBXa83Aj//afaA0MYid2M9iUxFFvydctLrcpgxfg74crbPooV/IRqOajrd8KI18Lb+WDy55po3J/CBeFw79olBM7Wr3IeVeZYqUhWIoCKvwwr+PWzwnyMfJ8H/bBAlHg/+zmwfh6l7o0eP1rBPy5Yt9f2pyCwcYnhB9PFv6UW800/nl3vfHY7IPzvlvvaJ5wAdEw86E/yHIrZxp/3N2SUz3ifMEJA0ANFUF4Jjf4NVpwesMs11Y5jg+BlIT+UeDUYXijIVWfCPN0bHIMmDBw/W+OyatasF/MMIzV0Jb/OP4RGP31O1vdlce9cBe6YFu+J2hcvrs0GqQLYihcWzsF7rDk+Nzgj/NFc+S4L/2SBK/GTgz1k/jRs31rDjN998k6s6Ul0TUKHHGAsE4Bs6CVa1DnC/0A4B5nGy/PaZxZ8U/HuPFPBvajz/BAF/1hGxgI1AlBvLsAFI8yA0aS6s+r2RVk6cx9pd4R8xBdEjqUXeNosd+HP2BVf8eqUrzkRpVuMBcHFw96WO8IvBhZmLX54v81oCLK+1b1zIpGWQH+cx9NN8eMS74Ebv4Snz7bIlwb+wiSKPj/nHgz+ndzKbY4kSJdTrP3jwYK7qyMSJBVCEqaeRzTvhbSNOSdlm8DUfiMiyf8x9eCv9LXNdcSSCv7+37flz3C1hPH/WkY0LNp5oL8Dt1W1UrcYf6AY0nlc6GydyzyFzLitN66xoVVqRBX+HVPjC2qWmUbG19gUQ/mWBLtrylGutA6j+L38S4D8gzxbWB02UitLy2+XJBH/mGhHwtxUxSYVMIvL42T66Ilfqwe/36/TikiVLok6dOjrnP7fz/A0RJsy56eEQghNm6BaDnFvOnkCYuWVEF3RKcjGu92P+IHy9Rij4+7oMR2zTLvubs0vZJS5WaexT6oPpIEJz/4bV6hNpsFvBeqmTrlKObtkrdSUNuugBcaUoUbEBf128xQZAutTBKfPgfauP5umxanZB4OtfEdl3WIHfmVmRe4MtWNLyU2nk6IC/m4mm6Pknwf/skIg8O/gT+Bni4R6unPI5a9Ys3T/C0b+8Eq+JijPi6/GF/E5LeOv3RlB6qlxdrgu/BFCKKx0T58zX60ud8eTrKuC/ebf9TWKR1GxG/WoD4PUjvHgd/J2G6Zau7qrt4O8+EpF12zWkR2wpSlSMPH8Rvs+P0Pe/w6rfC1Y57tzfTbyr3xA9cERDPc7gLnsIieJZsexSGL5A8Me58NTuBnetrjrt03m2JBUyicjjwd9at0U9fi7yIvD/+uuvOu2TtnK6daRhoEhEF/Z53+yjCw59/cZorikCDRcgFVdS8H8vDvy3JCj4s47s+tXXUi9RbwChlZuk8RqpqSCsyu1EV4YisnSDYkxRoiIL/lIdxuhYKfKaW+f5v50O7xs9dPs87qEanPgHIoeOmsFdpwKFndheIpAqlu3hc4YPwZ/MLSSdMiepcIkijwf/qYO/VOBn5ljOJuOerswpRWaOl0OHDtlX5p5oZ2prh1LMZuYCIp463VUHmFSMnr/UvtEPFqgYqUF28I8mMPjHs5mxJU5mIKg7g/k+HAf3i23hqiQNd6tPEZq/CscEa+RsVaL4axORiiz4GxAX2OcgmuWFf+xvYjzcoKEZPPX6wP/jPISPpuqULTOIY67jQV8nSH1QMdgO8Xm4sMui5y8cUPA3nmWSCpcocYK/i95428/Qo15DXdHLfVvLlCmjG3szpxSZs35+//13c2EeiHamYBI1U5GtpgPUafF2Gobwhh3yXdZ1BcVJD45ZPvh6CPhztk/3LxDdusf+JnGJ0pfayKiTY8wIvG0vvEO+h6dae+m5tYTV+EOEZy5BetCk7I7YoeiMaxKsDosu+ItQNftmiguB0VPhrmlvu9igr3rNEfmcCZu0pdYKsC9MMJKiZYL/xNmwanWFu46A/y9J8D9bJNpiPH+uAm83CLNHf6MpRJjLJztzaz+u/s0rsV6pw2pvaR74qMPcT6J6JwRGTdX4Mr8z50gjUYz0IN3tzQR/OUa37rO/KVpEL5/pnzn108VtX8s217FGjjlGpYGLRk39JcE/n0m3ZDt4FP6RP8NdvbPZdrFBP4RmLEJUt13ktDoCf2YFJCJJ0TLAn2mcuasQB32Dv/6VBP+zRBngL54/wd+3YbvG+DnNMzsz0RcXF+aVzPRiG9hj6Qiv3QpvR/lN6bl6m32E0LINmpJEVwbznGKkB/Hgz2NsWxEFf6kTbgYVPXAUgXG/aa89TRxQ6zXu+/07wkfTdBaQE9bVMK78JQoVPfAX2R0j8O85iMCwyTp/3/V8C+1ycV5/zCstrh3qcWL7mqwtQW2HSuEoBhWG0zyt13og9NvCJPifJaLEM8I+OSzyimfaC495JYI/9dI0APJa9JYpPTyc+lmlHXwDJyCcapnJCeTT+I1EpXS3BV/3L+BW8B9RhMHfXhXMCIQAPXvunrq94C7NxWDSe/9qKqL7j2gmYeoIJ5ycjq4UFBUJ8Ke8qPxk7r4V2bEfgc++h6dqB03S5mk6AOG5qxDzB9SgtELkyOvUQPnavlfCkV0+An3w+1m6wMsBf2cKaJIKlyhx4/m31m0cmQqEenQyzjtJnQub69kQpCMiIBjoMwaeci3gfrMPAnNXmCmE1GfqQjGhdOmZM9av4N9TwF8a16JKTv1rA20JmP7yFzzct4EhoJc7wz/sR8WrdN0SVhoJqWcHy9jwy+E4cu6prH8GBpzP8ouKCPjbwg2FEd6yB95PvxXvqC3SaJwtP0XgLwF+ClfO4xwJCrXIECvUzFdC8DsD/p4k+J9VosRNzP/0N3DPK1HHY0HR79+XwftGL7gqt4ElXnHk4FEFjWIF/qkeeLsN17CPv9fI09omMyGJdRgIIDR7KbzikHLXNo7jBD75FpFNu3SWEOtSt4bluQr+We2b7zIbBnPMbCzyt+eQ8OCvAqCwgkHN/ucf8A1cOr2qNay2n+nuWzHpVlE42o0W8eWngAqaWFYttTxjYMIMuF/prJk9w9MX5XtlJyl3RImfDfBX29t/GP4hE6XXIeBfuyuCP3HqZ0T1u7hQeqobPgf8ewv47zxgf1P0Sb17JppcsBpWu0/hqdwKnhfawtd/LMJrtyDq82f0ANijy27ffEe8y2A5xyz6Iw4azi9KaPBXYOQDB0KIrNsK/wdjYFVuC7cI09tpKKLL/tEZPSogWzD6l48CKmgyz2iD//jpmtHTeuM93cydz1WUnqW4ECVe2OBP3SUY0JEJLd8AT8P+4KbivpYfI7LjgIJFcaH0lEzw9/UeVczAX/BTvHVO4Y38vVFzF7lfbIe0Sm3g7TkCQcGsiNdnGgAbt5Ro62zkLfnuaBpi4gTE9hzUsc3YHql/jh2I3JgA8JjoiACDUVSbTgclEhL8FfDJUpaYP4jwqi0mB3qlVrBEkFaX4Qiv3gLuBWqA34BkPBcZ0vIaJQgK+HOqn4L/zCUZswSSVLhEiRc2+PNH2XPlAG9UjDwwXnqBldvA81IHBEb9gojYozo3jq6LbmSneP139Canz842HUtx6eKu4gj+Wkd2qIZh29D6bQj0HAm31KNmie04FAHpFUQ9XqQLzsZ8QcQOpiC6YSfCf65E6Me5CI6aqonj/B+OR0DY338cAoO+R3DMrwhO/RMR7iy2ZTfSj6TpBjMGA+3fVLYLcwpKSPDnQ6gX5A/oJixW9xFmZ/2q7eHtMQJhESjLSUokpT4tkqKz/HzmkIC/JeDvqUvwX2o/W/Hx+IoKUZvOSthHWAcEozFENuyCt82nmkeeixZDG7nwS76zQwbcGCY7ObbAKaj79u3DgQMHNCeR8zk5EYig5e06zIB/39G6m1lxJdZZZNseeAXAmQ1U8zi1/BShWUt1z2DOUPQLsHubD4Sr1rvi4LY2m8fEMRPgucrI69LCL4pDUKc7rLafIjByCkILVyG695A0IgGd/s7fyy1mJBT4OwrKMmgSpSXrdbMHrp5zV+sA/3ujEN68y37ATEVOFKU+HWLR9ZmFQ+N+g+fljmLsvRCetUw/T4J/4RO1qfA9f+q90X2N9Ur3PvjrQunpij5UbgvfgPE6mKhOkagEExlmJ+oLk81NmzYNHTp0QJ8+fTT9BO9pdCkx7CT9SKqA/1Ab/L8q1uCvdRmVBmDvYQQHfQd3jU5wcxOfN3rD22SArlHi4lRuF0l5ZAd+siWgrw0A37MBkHM9wu4yzF/WA76PxiE8929pBA4jGuRew7lLCpiQ4B/xieIvXK0baXDE3PVyB/g+GIvo9n2mYRDtj1fkRFHq0yHnmWn4oa9/0e6hp15vnfVhuvhJ8C9sOhvgL1pg64EN/vI6svuQ9nRdZVvAeuVdRJas08WLZq9Z0Q37Wod47fLlyzX9xAUXXKA7jY0aNUo/d/QsEejYYQH/Ljb49xPw31Ocwd8klKRXHtmyG1anwXBxKi/BvnQTA+QZQN/cgHvGe8NcOMbP00RephFoLq95rvQKuaaA50mvwjdwvCadi3FcQOr8VHTG4O8olSpWxmt+Yb7L+Mx8ZL+3j/zTN+ZcVXrpvoTmrdLdt9zcOad6RwQ+niAKYjZOMPts5iWHemKTykaf/RiCX/+qPRxPfQH/P5bL5wYInHMczk4n+jxJOZMjL8KnvnaOlCH/yVHBn1OJdZHX/ozv49m5Xv7LuG/8MS/EK+Rueq3D3Ns3sng1XOIdWgwXdByqg4W68CsWvyGRYYZ73n33XU07TeC/7bbbMHLkyMQD/0MC/u8K+JcR8H+f4J/3xHiJStQJ/ecwe3ME/sNHpWc/Hd5X3xOwbiHAL567Df4E9DSRhev5JtIQHO/9ewT42UCklTWvzWc8z+4tyGd6FLy0mg3QLAcxl0cbAK3yE9T7GYE/lclkupMHtI/OcnS9j3joXN3GBQ7pgTDS/SHlKOe7imLz8yi/53nSNYr6AwjOXqardT1cvPWyAP/g73XkO1EUN7+Jj0Xgp9IExfPnAB/BP6TgL5/nAfzJlHuSTkwUn9FTxkedleCie9Rb0Xtdri+6zx28XBUFcFt/ooNx3H1KZ2MwrsqFV0zaxaNcl5s6yis55YwdToP30+/FHsTLq9wOgVlLcCwiYJJuDNb5Pb6ePn06nn32WXTt2hWvv/56BvjnR3nyk9IPpMDHWTACWJzBF9t72P6m6JNGJYQjrBfioLyOsrFjHb7EzeCzgbvjuecDa4MiR+uNngj+8DtibifteM6YcNrgH690NCB2RaM0iIj8GI1EPJTI/kOIrNmM8LzlCEyarZshh8fPQGC8HH+ci/CC1Qiv26b59iNul26V5n2zr7RwLZAm3k7gix8RY0pmCjTBFDg/ScFfOPiVgH/VDrDeFPCfkxX8jZxzlsOpvk9SnL4KR3kUnWIvUpMDcsaEGEp0516EV/6D4B9L4JY6SCvHPC09EBjyg+4MF1q8VsecoodT1VGJSkPBxoD3ce7v8JmSllUaJzpHkY07NGMtPTvfm+8jluZWm4iv86NHjyrgV6hQAfPnz9eYf+KC/xH4On+u3qq//xik7ytG4C/14bDiIvMYffwdLLFrD0M12QA7v8CfwO+AP9lbpxtC381CxO/TRignOi3wdxTcKKgxpJh0Q7mLVnTnfgSnzIev2wh4X5cuTpW28DDZUakmsFhA6d6wu8NuS1qZ5nC92F5j3P4OQ2DV7I40PshL4vGP+QXRFFeGIBNNgfOL+FSsGz4fp3h5qrSH962+iMxbob2B2DEBAKkPspH38a04P2csOEKv1T4vSVmJMnFYp1SKvGKi3+EN23WnN3/LQQKwPeEq30qMVHqdGlNtCq/GWqV7LkClaRekN2o1/AD+gRMQWrBCGgLuFxGxu9hG7vkif7mH6VlIeQVAAuNmiFMk3fpyLRGYMF1XuzvAz7pn1tGHHnoIX3zxhYZ/OnbsmLDgzznr3k5DFPx9/b9GrBiBP+vEAf6wNNzBr36Ft1pHwbsmSCP+FZDnHw/8xFaOJ7je6oXQ70tU13PSgTyBv96A/wj4tkeq4EwvaP023SDd84YAPmP1AvgmjmUK5SLQa8GkgKXkvRaU34lhyXnOoAaF5O00GOG//9HFXeqhUZj8bfld/mYOz1Fkic/DZ2PXLAv4z12BiIDK5i2bMHr0aEyePNl+9px5y5YtGDp0qOaWZwbKJGWSIyPVI+qrR3qlS9bD6vUVrJc6G4MRXUwp01j10UWdZBxVdZbOijEuvlamXst37spSVy0+QWDybO296kpM1VVjG/pn/3ZeiVeoU8DyimMV239UvP6+8rviOL3UCdF9B00ISu69Y8dOlH7+efX8169fr7+XHfxPpwwFRekC/r4s4H/E/qbok+qX6EFIOLjkH7hqd5FG2+hNxuBsPBMPs3+mnxu9y3gtR25+Q+c4y3nZWMcPVEdFh8uK0912ECLbuc8wdVIKqLpgyppn8OdNHG+c54W37ZFu8WR4Xu2JtAqtjFFkK1Ceubx4WPXeg1/AMLr7oHo2jLEyLqspHGgVxYRMfUiFyLMFmJ76Rekpvd0H+ybOxFcC+k8++SQuuugiVKlSxZyXjQn0I0aMwMMPP4xLLrkETZs2xZ49ib85RmERZaSTBOhFB4KIrN4Cr4A+Z1VZYhxnrK9lRVdfaAurcX+Efppnx1lZn/xd0VtbZ8+UjomnHxEvznGq/J98h6jlV6+uU6dOeFC8/qnTpqnd8pkd8Kdu0KYdfUkEoqevnr88C6ewph84an9T9EnrXuqE45mci8+04DnqzUmYDjL10iNOMt87DghnA1mlTENwKtZr2OBIr4PpQjRESZ20x7lIeQd/W5GiwRCCc/6Gt5V0lyub0I569fnQjVHvigNcL7ZXDyG0aDUiQVF++W0aMstQXIj2qIYpFRIYQfBvh1UVGqLlc5Xw4MMP4dHHHsV1112HihUrmvPi6oB19Oqrr+LOO+/E8+L5XXzxxWjYsCF2707MbfEKkzJkJawAfNSF4KQ5cNfvbQxSPCMTzhHwzkEH88I6/a5cC1gvd4Ln/TGI7NyvjgrHwWhoDN2dMfE5Ut2w2g+GJb+XJj3EyOpN2LF5Mx577DHcduutqFevHtq2bav8xBNP4LLLLlO9YUiIi74oj0QgDvD6OtLzbwb/RwT/FPubok+qb+Igh+evUuDNSV9OxfTuqZsMk28v9Tba3PwoXrr2dowoUR6HSjXM8Zrjmb0N0XE6N43EMdm4QxcG6v4Cth6cFvin+/2616j1Vj/x0untM2zD7jJbmzMHf8asPOx+s3tdqSWsJh8gNH2hJndzeh3FhRyQIvj7v5yinv+SUvUw4LWG+Obbb3XjcO4dmxP4B0UeNWvW1JDQL7/8gptuuikJ/jbFyyoinqZfGlbuleASbz8ztCN6mw/6auZnt1BP1vNiG/jafqK5qHSKH8shBpcfFAtLT/vvf+Cp1E5Dpd7uX2LzkmWo9mIVPPTgg3ji8cfx1FNPKV9//fU615/ef4sWLbBx40aVRyJQbO+hOPD/BukHiw/4E5s4Ddfbc6TJ6nmcrpycTdiGvbsmOPRcIwy553lc9t8LcMF5F6D+9fdjz7O5A3+DxU2k9yBYWr0z/ON+UYzRBsDWg1OCv8BMnCFJqyYef2DS7/DW66mxfcah2CVhYdkddeahHl8QYTt2RWNRbynLZ3Ecfw957eKG7A366e5W0TDzYmupjDLLP+dhiiI5AKVhHwF/zwvtcERke3DaPHgsj8bwH3jggSzg7zCv27t3r9bTkiVLcKt4f+c6+BvZGJ0g6y5Lw39Sr5whE6OvJv5K4I/XQ9NzzdQ7HjP02T6a8w3r58q8nnO0TUOSRoelxUCdIpqfzgrvE5W69n4wFlZZsYnK7WH9ugAbV6zCqtUrsXr1KuHVym+++SZuuOEG9OzZE9u3b9eVv5RNIhDn9fs6GPD3CfjHxPOPL5uj385n8e9P9HmikIJ/mgfuV7qIPsTryIk5frDWGVtKEV765Bt4+JJrUPmqW3De//0fal13N3Y991aWa0/OtpMjvVKf9Bhj4bDOdHPkdUrwV6CVkzXeHk1HaMZSBWJLgZ83z+lHs7JjcHztkW5IZpzVLlzcuTkyr5cGwGr2EcIL12j8lg0R82KzJcsv4zobxGpwFDj4xU+a/tVq+L5Og2VLPXv2bAX/SpUqmQtOQMuWLUuCvxDHpFQ3yC4L/m9+g5u7Y1HvRJdO7JzQgRFW4+O5hp2erM5Uow47jQAbEvt6w3EGLN+lVmqFQNvBCB85qutd8oOixzitVHoyW3bBqtFdB/Q8rT5BcPsehMIhRMRuOeOL3L59e/X6GfLhmJmjY4lATOfg7TBY5cdZU0xsxjIyFxHXKsycOVN7tU6ZHVYnyX69bds2/PDDD5rKgtNcE4UYVomu2oQUceLMQqx4HcmZs4M/sXJHyQZofctDuP3Cy/HLwy/jvH//G7WvvQs7SzXIcm1u2eIkEuYAsuVIOrXnL+81jiVKF9q8G95W9iCGDfzGQHL+wQwWg9Eusb5nSEcMSXsJtkFlPz8bG+NsAqtia/i6fCEPcUAA34A+DZ1ec5ElsUdVaPkLDv9RuvRtYDUS8P9rjX4+e04S/PNCzoQEDnAxaZa3wfs5AHU2Fh2kLqZwhsTzjeW16LTqrNFt6h9ZpyGrLvI7w1nuk4WbS122hmfYD0gPBO3SnRmpLdLxCQfhG/kzXC+0hlWhDYLf/66bwGtvR20iXWeINWrUSHuOfO+AZiJQdOeBTPD/eALc23Zjzpw5aNy4seo6Zy0R0J0yk53nInOSA3s299xzj4ZEFy9enDDPFhPsDE77E2kV2+SgE7njQ6UaYepDL+Peiy5H65sfxp7nGuI//yH4343dz5we+Hte74HI8g0iP/aIcwn+NCQFWnnP7HOciqgGQOCWm57UqGzm4MURaSy2lHwT65+qhz0l39HegBpVLsCfjQWngGqD8Upn+L+eJmU0i2uK/OwfFp0NmFSI7kksDZzV+APp4axVhU56/nkj9fzF+4pt24tAz1HqqGQANjkHfcvw0OR4sFRDrHqyLv549BXMe6wWNjz9Jo6WYkjTXO+ceyrwp36r3lZ/F5EVG0wO9jMkA+6iKzHx8Pcc1PUGnrIt4ZaeuI4xyG84QHnw4EFs3boVaWlp+t4B0USg6I798Lb/TOtlX7fPMfKDgahcubIOUlOHy5Urh0OHTDqXeHaeY+zYsTrJgWNcHNf4448/7DuffeKaD+ITk1HmBhuzM69Z+3Q9vCFA/8Sl12LZE69KY9AY/xXwrymf7ZSGIKfrTsZajjrdEJmzQqMJuQd/elLsaq7fBoszJcq2yDQCYcewcmJ2sWk4Sx6vgx43P4aaV9+OalfchjevvQcj7iqLnSXflm72qcM+/A0nqZGnTAt4mvRHZDu9f3oCohhFHPyNcgv4DxXwF2+R4B9atFaNffbsPzJi/g45xhD/Ogn+hhQgubhm0lxYdbqrjmbokrzOKeyjC3BEvzaVfAs9bn8CL4qelr/qZjx/xY2oec3dGFGiHLaJ45Kp88ag1KhOxKrX/L2W8PYZhXSPT9t5qSzDp0F8NjVe6r04P8HJ83Tzn7TyLRASxyF2yMTOzTlGL7JzIhC3bfS2G6R2vbF1fwzo2BXdunXDsGHDdIXyycCfs5aYu6hWrVooX748Lr300oQC/3TpcXLjdnd5jinlQk+EKQfnnD3PvoPh95ZDiYsvx0d3P4fUUuKQlG6k4F/nmrsywP9kuJsTc4V4aM7fGiXhH+mU4O90o/2MR4vXzxtlPsyJC6CevRjA6ifqotZVt+OO8y5CzStvQ/1rSuCh/12Bu8+/FIPufBZ75WFzuj6eswiQBly9M4LfzdaYvxRNC15UySg2PRqR8dBJBvw5u0k8fxrwHwL+999/f44DvmQ+O4/Zwd/5/lwjPrPmUuklXn/5lhlgfzIDZDjykBhY91ufxB0XXooGNz6AD+4qiXdvewJPXnYdnrjsavz4UBUcEQ8siy6elB3baK7J+nQPVwFsrevT1FfTeJgjqzZ2JBUWZ81UbGW2/vxrtcmZxRkdNvgnIqVvJ/jT82+Gw31GYMuSv7Fr1y5NP12jRg0F/8OHs6765bNwLKNfv37q9XN2G6e2cjprYoG/YOcPf8BVgcnbzDjTycODZAP+qXJc8FhtVLjyZuGbsPKpejj8XGMN9Zz373+h1rV3YqM4IWZcwNbDHJyZ41nOf60bwovWiRxjiumkU4I/FZUbBXgaf2gWtOR483im0svDSKF2Pfs2PrvzeVz17wvwmnj7Cx6rib8ffw1j762I6+SzR/93uXSx38ilMRnWB7d3xOHotei5DoQVVRITNYAgz+D/fKIaskfA3zd/Bfw+P3777TeUKFFCvRxuzMFZGxwcc0Cf9cTPFyxYgFtuuQVvvfUWNm/erANmrMdzrQHg84YXr4fVqH+GYZwyRCPf7Rcju+uiS1Hioivx12N1sOuZt7HlmTe1AbjpgovR/65nsOu5d2xddYD91Ex9JQcmzjG7Nkld0/jyo1Zom+G5y7WHw3UG3ve/1jUGpkds9CMRKbZtn0mcJ/IJfPYd0lNc+vmaNWt06jJ1PTv4U5dXrFihcf6WLVtqz4BjGpdffnmChX2kRzZ/JawKYscE/1PonrIN5vvFq//y3jK4+rzzUery69H9tqfQ7Y4n0fXWx/Gff/0bD15yJTrc+hgWPl4bh0s1Mbqlk2ZOrY9W3V6IbBanMF0cEHEMSLny/KNb9+gc6ZxumiPbCr/iydfw0hW34Yb/XIg/Hq1lPpeCHnmukYZ/Lvq/f2PqAy+JR5WLGT/xXKY5rDd6IXqQS+o58FtMwH/w9+IxtMLWGu0wqev7+PjjT3TFLhd53X333fL+Y83d4izhZz0NHz4cn3zyCdq0aYMrrrhC53h3794dgwcP1pQPPO9cagA4BhT4bhasml1U1zRWf0oDbIoDzzbGVRdcgBL/uxJrn6qLVNHVlNKN0eP2J3HDhRfjk7ue04E37XkK53yfE7NfeiLRVHtQNp/qg/eJcUZTv7HwvNgObrFRToeOec1EjYQF/617Ne2AAf/vcSzFrZ+fCPz5HC6XS3u1dITYyw2L48cB4kTz/NnwcjyGUZJcgT91ydapfc++g1ElyuGxS68R8L8Bla+4BWWvuhnlrroB/xbwv/6C/+H5K2/ETw9Wwf5Sjcy1zzMlySn0UZx2b5OPNMmchn1svcgF+MfEu1ihG6rkNs7EbjTBf/5jtXDf+ZfhkQuv0EELPqCJ3TfFe7c+hYv/378x+M7SuQr9ZGdPza4Ir9yoheYMiKJKDjhr2EfBvyXWVG6C3q/URe06dfDyyy9rN5hhn9q1a6vCz5s3T69hN7hBgwaoI+dVr14dZcuWxQsvvKAGxC7x0qVmK8hziehZ+wdNgPuFNqpnyjTAHHQong+LQ1L3+ntw1X8vwLviXf35eC1MebAanhcP7Lkrrsevj7ykjYGTgz2ne5yIOb3Z26AfYodT1FnRkIxd3jMhrhym7oeXb4TV4AMxcvmdd4cismGHDnonat0T/L1tP9W6CYjOc2NylvVE4E8smjp1qjpBH330EbxeATE5n7aQaJ6/4pGU19NsAFzlW+bK8XD06Yjo15qn62LiA1UwSfinB6vK6xfx7f2V8e///Aelr7gBX5eoiI0l6+Ooo4Mn0MV4ffdUaYfAx99qKhDVP1svTgn+VLDQpLlwVWsrgJ71B07EzuKG2Y/UwM3//R8qXHKjgr5ODy1jHvaLu8vi0v/3H/S89QnskC529nucirnROXP/09hz2s+0yJBUhPEGBbQ++0E9//31umHl6O8xd+48zJ03V45zFfDJixYt0pkcVH7W1cKFCzO+i2eGgY4cOZKwAFBQRJl4e4/S9CCOrpwK+Lk4i57+/MdqospVt+GWCy7By9fcgWcuuwGPixc27J4y2P7sW3If08Um53Sf7EwHSF+L3VBfuS+FzpyTKsmPWomlR/V+UX8Q/uFT4HmpI1xVOyIwYZamfaYsWP/xnAgU3bJH9yfOCfzjY/5OmVNTUzW3FXu2X3/9ta4DIOBXrVpVU5oMHDgQa9eu1SmgzjXks0GUOb3/0LezNKOx0RfqAOP/1IcT646jp1n1tak4Jk10qudrnOf/bIMs359It83n0qMQtuq9h8ifK6VcdrhYdIaUC/BPR3DC77Be5IPkYk6/sLPSkdPlbj7vQrx05W0ZHj8LxNdf310el/zrPLx7y6PY/kxeVq3ZD/ZyJ4SmLxIjynyYIklSdO2+q8cqnj93bGo+ANFlJrTDvyTlnqi/vu5fqq4p+ObGYRHD9JRqjs3P1Efbmx/FNRdchPsuuRLXXnABnrzseoy4t5w4KG/pKnZNOZLTPY5j8/uGxSaqtNeEZmYg1i7sGRI3pHG2dAxv3Alv60G6GNLbYiAiy/5BOo1afszhswWI2SnK9UJtPlE5cq+EmIA/6y0e/BnT52dkNgR33HGH7k724osvakNA5hjX+eefr6HOXr166Urmswn8JMVP1smeA9rbS2OGY9UHB/yz68mp+ehzjVH+ypvQ67ansDcXuX04ycFMdBDwr9QG3vdGaHp8J6kbdYF0SvBnLJpTygj+zmrHU7L8MBV+9mM1cON/L0Sly2+2PX8ajhzFgMbcVQ4X/+u/6H7r43ny/B2Dcld/F+HZzlaHRRcgWXRjnAL+n3yn+7V6Wwj4L//HVuKi+2xngxjT9Innzy3vFHTVCE7OXIfCwbYedzyJhy6+WsM/o+4rh063PSqe/7V47vLr8M39lbBXB3xzZ8Cqoxmv5fhKF0T3H1VHJb/AieMb9PypP7FIGIHv/oBVq5suhgwO5dTPVPMdXSQ5Jgz4b9oFq/XHigmc5BA5mqZ4w9k+TviSaUsY1ycWcX+Cvn37okePHhnMcS0mtLvwwgs1xDlu3LiM5HUOnw2iHWvvLhZB4JsZcL3cUdOKmGhILvEzG6eWaoJ5j9fCuqfqI0Vj/Dmfl8HUN3KZFrDefh/BeX9Lg8ReoukJOnh5avCX96G5f8P9Untzw5x+LDvbPz7v0Zq45b//w+MXXS0PIEag35muyMDbn8XF//cffHrnczq3Ncf7xHGmF8VGRD5jzH/VJn0Q52GKIjmVQbn7P/5OK4zgH/l7g1HgIvxsZ4PoDPgGfaurX3PSo5w4pXQjXdB1+fkXoOrVt2HVk68jrVRjBfuh95XFnRddhteuuxtLnqxjnJgc7nE8x53HnkXD/joF1Xj++VOnvI/OHmIDIPoT2cMN37+Ep0IrMfo+uhUoUwvrOexDJoguRTcK+Lcy4J/y0VismrdAY/pDhgxByZIldVMaJjRkeIeTFvhsnL3GWW3EJOfI8S4O+P7666+KV84sOPLZelbHGdVd2A6nwN99BNyVxXHWdR/x+pEHFv3RDLSCexo2z+mcOGaEhnmrPK+8i8CXPyPq4QQA6grLZfCGdErw54BvZNseuGu9m+MP5cQaHpKCLn68Nh676Crc9t+LsOmpt5HKFboC3hw4e/Pae3HJ//sPfnrAzJ/O6T4ZbDcmnAerjQdn+9TthdjBo8bzkTIXVaKSsjLYyHJQhjOZvC0+Qpjgz+eyKypJuSMaH9MdWLW7qsflDPaeLFTDyQhf3lsB//r3f/Dh3U/jwHONRFeNsa1/+k08c9lNOtjGMKYzwHaqe2ovV8e3zK5g/j5fIebM9tEGwC7wGRB1J5656Utg+iLdA5qLjHzvf43oLhM+0bGx/PjRfKCYgL/XBv+t3Qbjgy7ddQV7mTJl8Mgjjyj4c9CXExwmTJhw3HM63KVLFzz44IM67pX9u7NG8tsEWacc4VWb4W47CO5KZqW59hwFzHMzBuAwQ5IMOVIfc5pppvelvpH1vXxerSO8/ccivHOfJnMTldPyqP4Jk3IB/qI4wRC8TQaYHbrifvSEzAej4ZR8Aw2vLYEr/+88fHRbKWx+tj52P/MW/nysBu48/xKUOP8KrHzidVPYk7Hci/fTXWz48BVbwdt5mK6mI/hz7mpRJadCFPwHTlCwolcUWbFJPzurilwEieAfWbZB9PVDOz4vbDcCOeqWMKcaTxYn5H//OR/1b7xHnJZXsblkfWx6uj6+ffBFPHTxNah+7R1Y8lht1VXdfvQU9yTgp5WlwbbQWTiBH+cg5g0o8Cv42+XNTyLARw+nwT/wG53t5K7THYHJcxH1h9S4HaM/2xT9ZweslgO1bg59+BX+mj4L33zzzXE8adIkHcjNyQb4GSdCMIcRQ0SJSsyOEP5rldo0F3CqPop+EM/M61OD/6k58z7USU+1DuJsjEZI5Kx7oJyg3k8J/hSyhn5GTYO7artsP5oTSyHsFuhAqYZiVNVwx/mX4vbzLka3mx7Dh3eUQtnLbsQ1Ymgf3vIcdj176kRFKixhxm/5kJZ0Z4I/zRXgj+FYlOBZlMHfKDJBixtbsPK8rT9BdOVmbXiT4J83oqJz4xaveNpputfEqYGaOrWj5Jsof+XNuP1/l6LOdXfr4q52Nz+Kkpdfh0cuuQqjSpTH/mffNo6IAPup7pnKI3u6XIxTvSMi2/eIs2KHJVjfdnnzk/TZxSZCCwVsmnFRpuhS56EIi6etq34TRJdiAkrelh+p3ANfTEa6x0zdzIkpLx6z06m+TxTSuhY8DSxZq7uXcdqljgEIRjqzIs+cjYPDwX6Gerg7WnjDLkRinBAg8hHOiXLh+VPAorSb98B6k7l9TuX9swWix2Naoj3PNMAXd5XBc5dch5vPvwC3/MeMAfS49UnseLqBeFG5WKSgbBqVNO6Y1HQAonsPa3oH0faEUerTIUeJpYaygH+E4J/gip2IpIAgOhGYPAcu8Xw1vwqB+jh9ymQ6Famlm2DVU3XR87anUPWaO1D28htR8cpb8Ob19+OH+18041I6x5/X2OCfw70cZq+DG2lwL1XfB2PF6/caIKAt8WiXNz/J2KrYr9cH76gpSBNnzfNyR90bOuozvY5E0Kfo+u0a2iT4+23wz06OXTicnZzPEx/8BZ9E7hyPCG+SRo+9sjo9YIlj4oQlc9KfU7GOfdpHDS9WbgOrfl/4v/4Vkf2cVcbfFV0QfWMYKic6NfhLwQmyTFUaGDYJ7pfM1mTqjdsFyMqmMKr8NBQxmJRSjbH56bfx52O1dOGXWUHJBTM859ShJCqJy55jbVV/F/4J0wXzbQ+KCpDAlX8qcpRYPX9psfUZCf6rtqjiJLJiJwKJ5DJlKO+pFzF/UCcpeBv1t7vXjh7xeLzOqi5zb1SuQxGdZG908zNvYnvJt3C4VCPx4m1nRu5lYq7Ux6z3yLhPxne0ATn/pQ6IiKfLrJ5iSoIGBVenaqu0XzmG1m2Dp9NQKUMLeJsNQHjZBg1BUM808Zstt7NBsXWZ4B/44kekW1l3DCRl1KnN2elU3ycKsWxOA6D1k+pG4NeF8LaXXgDXZYgzq3ojemX2kjD66eiScXpFn1SP+drgqr6mI16pFTy1u8LfexTCi9dIw+/X39F65u+eRD65Bv/osSiiTCPbZhCscq21oMYLOjWrlxTHOZ1zahbBVG4Ff5fhSD+aahe/6JOjvOxdsbvGZ/WKjCOrt2ZUYJKykiMzko5JiY7qwH9UvByXW9d/eJsN1BxQlKeuO7HHoXIaMMsv5oQEx3h1o6LKrREY9TPSwyEta0GTykUAng1gJBRBYOJcuKt3Vq+Q2yXGGF6R79TGuTpYjmeDYmu3wRLwp5yCX/6EYwJY5wrp9FzR08j+Q6IbU+BhGpIyzeEp20J6A9IQlBPd4XvRWQV50VdOPuAuiboFqQC+q2JLuKq00xQ3vvfHIMSEfqL3ZtGfAfzc0KnBX26kLQm7q3Lz8MLV8L3VD6lSyNwCuWnFMjmnc07O8uAiGKvFxwit2aSDGMWFDJAJiInMff3HqXx87T5DVAwkCf45UxbwZ9iPXdtISOPqPulWczWtxZ4n89281lN6q51Eh8RoRLaZu8jlL6tjw9d245JaqSX8HYeLJ+bVLn9hkAP+tFeCTGTnPgGHr3S1s+fNPghzRTzjwPKdTpSQc88GRddshdV8gMopOGIKjvmKP/g7Okt8jXGjoc074O33NaxK7YXbwifOiu+9kfBwYk3d7qLDHXU/aDoQriptYUkjbtXtDU+LT+D7cCzCMxcjxiR+AbOvOe+bidX5BP4ssHoS9pGbEwenL4SvXh9YdusUbwQFwlz41LA/QgtWa34KjfUXExKxGhlHI1KpBP+mmu42Cf4nJseQSCGRT8znRWDGX/C9/YF4T8ynIgD8WncEvpmuRuYf8ws81TqJ9yQAXQD6StDntEUTf5XXUgZ/C+m9HTZbOBZWWFK9SpEHbZgAwKmfoT+Wwvfqe7rnr6/LMOk1p5negRTpbE2UIPhzFTudusAI8fzPIfCPRaKILN8oNj4YTDnuKi8Y2mogQgzZcFGby9LxzMiWvYis34Gw4EBo/XbNhBo9kIJ0b2ZWX3NkTJ91bkDfaQRyQ6f2/KlEtjLpdzS2UBjh35fBeud90w2h4is7BpH5Pidjix8rMK8Na5eZ59tzYPkdu0O+5gMRkR4Hp3ayHEV5amd2Yj2pbOXZ/OL5cxCI4B9Zs00qkeBfOMCRqMTHFynYxmN/wH9y5OexXQfh/0C8fQF3HWuq0BJeATmuk2Dsn+AbPepGcMJMnSXmKUX9Ijv6ZnROdVWZumh0M4Pj9TX++yy6K+/ZuFRqrbM6wmLA1FMzv948S4GTysiwgoDoVfhwCnxDJ0rZWsBVpyv8k2bL51Iu6txZBn/KzD9yCtKLEfirvdr6qS/j6yMYQmjmInFS+pm9zMWr9/YaicjGnZqIz9SZALEN6sfktWHiL7+jLtmv5Ryd2qt1Ke9Vz8wx38A/O7FQWrhgGKG/N8LXeZjmj1AjcAyJg7hxBpVhLDYfB/7CnBLHXgQXNJjehHz2Qjv4e32F8LrtCo6UqiPM4kJ8FH0mafX9H4zV6V/e9oMRWWvnKaEmnaskj04A00UqBCtxV+l86DEQQGjGYvje7IdUMSJOHPC82hOhb3/X2Q7c68EYEz3gGCLiUQV/XwJ34/4m9KODu2TqqAkFnagXSx11dNbR6Yw8V/yOui/3tLjF6JAfxONPoVttP8TZI+oP48vhpevhk54zQ6eelh8jsuuAyoTgcTaIkxk4CE05ckzkmDTSxYUIxE6+JaN75hi1RP/G/QZLeqSM63uqdURgyETE9hzUnlhecM05N4Ptz/NKpwH+fDA+pBzlnMieA9K9Fq/q7ffBedVm67LmSFMgP7FBxTOVwNkjldenVWwJS4yUOYUi+6XrbO9N6lD866JOWnkiy2MiS//7X6s8fB2G6HQ4beXPYfDns2uXVmREY4qIp8qN2RnL9n4wBr6XOpiFhxVbaTK30IoNmrOcgGfGAmyPi0DHHoA/gMiG7fAN+R6emt1E1sbR4GIsD0NFAuS6kDAbay9U9DP756qrbEjESfF2HIwQc6ikWTqfPxGIHmJGwzdhhsqJs4/8w3/UMCNt+GwQpzFbTbkIT8D/q6k4Fiw+4G88dKOvJrwmwL//CPwDJ6hzoNkJuPju+5ma/uGY6OrZojyDPx9GjUqMUuPvNEYxuMg/2xEY8wusJh/C/WJbMQwxJKlcjlJnN5rszLnQ9PStKu3hazkQwW9n6q4zMcuvSpq9e1qcwJ+kDYB0CQn+bAC9HQn+O5LgL6z6JnJgoqyY24Pg9L/gf6e/rpbU3uZrPRD8YZbORIuKDE0cVKQmbKY9yrXKYpDSY4iEo4gcdSO0fAP8n30HV70emgvHzAQioOesr8a7p67an5VroZun+LoOR+i3v+T3D+ngW0S77WHzAGeZNAzAsAAbALFPbpquM0ne7ovIOrOI8GxQZOUmeLOAf+HMhioMoqOiPVU6G+x1bd6hjolVRRwVTs1s1B+BmYt0yie/L6zxoJzotDx/grHGmORcDQOJwsfCYpwcrNi2F6HZy+EfNlnnq7ve6K4LTTQ0JIqn3Wx6S5Xa6l68+jkHdDsNQeS3RYjs2IeoxzJbNNoemyMgBcmzKKyCIOeZHPAn+HBfVi6BP+fAn4+qj2teUC6qbyKb8MYd8H70Ldy1uurcaE7j9PT4UmP76aJ3CvpsJFQfRW6UKa9VpgfmNAL2OcEwokdd2hMI/vInvAPGwdf4Q1i1pUdQtaPqJBtihi85WMoQpKtmFwVOGnPwmxkIL1uP6L4juoDKNDq0B+prgoxJUX4qQ3lmrx+B3xbCzX24X2yjUwTTQ0EjJ/s8+VcoFF0h4M/0G6LrgTFFG/wpM8pP9VX+qIMG+KMILlgHT+uPYXHGDhendh5iBnaZaI24pliaVejmXoVDeQZ/Q5kFdJQng9ma+YOao5uxxdCarQgvXInwrMUITf0TwSnzEJomPGsJQuLFuev1NlPRatODmyMGmSYFoSE5xnS8gIoTUWaqMNyQo+8YNQhvp8/NwiB5fn5/LpCjPwpUTv3HogrQoV8WwNt8oAKXp4wA/xs94f9+FsKMl4rTIRdmaCRfZb7LJH5iOPP7DH2VHmbkcCqi2/cjvGKL7sHqFZBnGNOq2xPBsb/oNMnwEgF7pkrYfxTp3BJPfltDdva9Mynru0Qg6hLt0Ss6xnElq043hP5caexL7UzkLnpYGBSVXpclDa0B/2k4FkqMnlJeibVsBs7JokdkytEfQHDqAljvfKChNvcLreHrz7HLrUiX3mGi2PRpgv+JKcOIhdXL4srGYEBH9GOWV1o9YTG2ML0llxt+DoKIN+cp31IzdQbGzzBxfjF+HdyTe9ADLq5k5CXPKfLw9f0KDGX4Og/VzIeOLM8F0meVulbjiYnuBMTbF2PxffotrNd7iKffUjzW9vD1HIHg0nWIpnnkvKh99ZmR6qsYsf5uSHqx0hB72w2Cu3wbeFp9jPA/27VxJkhxIVlRrROdbfLXapPznw2b9LZjLsqRg79GBoVB3GjGgH8zBL/+xTTgRZCM3ojOMrZPT17kGBVM80lvxiM66yonmFatMwIjp2pEJCqYmki6k//gL2y6kDRmY9AKbsJsDOKFFYuIsA6lIThpNjz1e4mBi1dXpzv8w35EZLsIS8rhXFNcSeUkf1nA/10D/vJlQilLQZLKQXQkKoAeOZSK8M9/wdv2M7iqdVDHwFu/j26OERa9iAiIMZZPPcoPop7qwByZr4W9HT4TfWxjpt1u36c6rT00cUqKmjNiZCssMoseSoHv80lwl5HG9OWOCE2Zb8YporTPwtG3DPAvI+A/9lf5oOiCPxtOnU4sDVhk9374B30HzyuddVzIek16jT/8YZxZhsVF/oUh39xSvoM/0V+9fiqbsGkIMhsApxE4Rm+DzN9L45L8hbA4/atiS3hqdIb/w3G6wCFKb0uFRmEb1h8pJqRGKZwF/LsM1fCCNp7mgYsFydPYz+vUIF/wUyMHzcmzegv8n30Pbz06A63geqkjvO+NQvjP1YimuFVn1IEQEKYDkR9kgJ1sysHX3g7i+XNTFC64E/A35Xb02ZS+qJBTdrLO0FuzBZ633zer5ht/hMiBI9qQGjsr+Gcz4M8ptwL+437VvEdFhVRXHe2lPKmHHJOSXqpf9NSq2kFngPkaDUBw5mJEqLPSW9RZayJf+9KEoPwHfyHqj/OMtpgyWP/0pVFG/mmD4PaJga/SKXOai1w8Pm+PEQgtWa8hADYmTtf0bM1PLggyRilGZ/l1ww+N+XcZhsim3fZ3jiSLPmlYh88k1cejYxAE8ujBFI2TejsMgcXkgRUFeBu8D9/Y3xDasksaBtEBbQx5I/mP99E3Z07Z78L3PgX/1jpDJrZ9v/miiJNIzICVTv2cpftFc8KFb8wvmn9Iwd8+tyApIjbtafSBesec+15UwJ+yMU4CdZiylJ6iZXDL03EIPJXbmF5q56GILFobl2SNkufR3CdRqEDAP6/E36QgOVDC2Ru+3qPhqdoRnhfawtd+sM4e4lgBewkaLpJziwtlgL88n1+em+DP6YORzXuMkiWaxpwBKdDL89AgMsKAnHu/ejP8QyaalOEcIKveWbz9kQjP/RuRI2nG26dnWkiy4K/4GPapKMAo4J++o/iAv059ZbhVejPc6J17DjD/UWzTDs0vVRgUWbwOnoYfqK4Hx08/q3Pd80K0RdVZ6m80Xbx6FwK/LoCv6UC4pJfI/U64UDOyfqtmQaC+JzIlDPjrnGwCO1cOr98B3yffasY7T0Xxvpp9JF7hn4gdFSCg55LgQs0LOeDP2SNs9OgN+bsNR3TLHhv4iw/4m96bAfFYegSRg0cQ+vUvnebrfqkDXJXE2xeP0D9mmk7t1FljUtdqbORCkkWxBX8bvNTR8vkR+m2hpqPg/HPu/kUvVk6yzy44olfsafg+mI4jOGE6p8zY3yQ20WHh2iZOYgnvPaRjUJ63+8BTrhV8NbrCP3yimaou+Kl6myhTfk9ACQL+VEphjTuKdxKJICyeiW8ER83fU2/Q+1ZfhL6Zieh+buJSdGdcZCc+ho6FZAH/L4ov+LOeuRhqzRb4h/5gD/S3guuVTvD2HIHQHOnlHU4F94+gLuqUT7lOwb+Q6py/ouBfQcC/3WeIZQN/HasSLoqUaWvyDCJnb9dhonNNdGwlvPSfQgnBRAX8mRfMAX+GAxOVjMaZ/6l/XEgY3rwbvqGT4KnTDUzOxj2TwxNmInboiOqrylf1Nen5n5JETgp0DmtIIMbW9QgC386Cl4mQODXt1e66+UNYjJHTqswgcuGBQkEQS67P7LLg7zVSp79xEVF0694MeRRFYoiB9aJxfr6mXtEwDqVqTh6uZXBXbW9i++IFBkZNNQmuxLgU6Hmd1K+GxBw5FJYo5HcM+Lc24C+OCMHywIED+OuvvzB58mR8//33mDFjBjZt2lSkGgJHllo3YXGylggQC/BzJb5X9C522CXAFSfzAqDIwjXwvNPPhH0SGPwdOalzRkD3BRBZudGkYXm5o64yt5p/hOAvC3Tqcby+qnwLSH75RQkB/tlJwZ/lkJ4AY76hX/7SrRs5E8gtHiK3O4xs3GFSP3BudoIqT26I6kEdSU9zw//eCAV/f48RCjiiPgmvQPHEssazGaA3IM6ZPOF/tmnj7anbU2Oknurvwiu9nCDHdKSeTYOeef1ZI/lpfwem3BXwb2vAf+PGjfjggw9QvXp1VKpUCS+88AKqVauGjz/+GH5/Ec1KyTqyfAh8OB4urmiu3AbBGUs1B5LWmwBeQVRDeMFqeBrY4P/tjIQFf8VCYcUicc5Cf66A992hOiGFm6nQgQn/uVLlpWORCR7myU4JCv4G0FXoZLcX4fkiePHCuFrOXUW645wJtHqTLtMv2uBvDCyW6oLPAf+eI5BeDMBfDUd0iWM1gd+X66Iij9Sfh4n7Goi3P+JnhDftQpSzuWzgTwjKBv6Hl61B165d8eijj+L111/HsGHDMHbsWHzyyScYP378WbOT/CAmoQtLj4sZURn+8bX6FJGde9WxIqAVRJ3o7Ji3+xrw/25m4tR7NqIXz2madEy4ytwnXr6ZkNAJvn5jEFol+MMc/KLnxglNgv8ZkwP+6jHavQCdFbJiE/zdvoSL4QLpklttP9FcGTFfUL2YokgG4G3wF9DP4vnLF4lqGDmRPot5oeWOcPbWph0IjJwC16vdNY0Hu8tcwcw9ds0qXTOTx9R3gjyrFEPBn2EfAf+fB3+JJ554AvXq1cPff/+NSCSizxcWww8Gg2o4RZW0gQ5H4B01Fa5K0iiXbYnAtzMRc1s6uFkQ+kfwt94ynn+A4G+05qxT9lJw9lNEB3anS3n76NiUh5sEfT4J0a17jO5Sb239ZZy/KFFCgr8DevwT30NBQcsVipjBFm7ewbngTOcr3cfgH8uR7vHqOUVtYZQqvvxLT3Ep6DNvPHsAZmFRwXhe+UEZdcS6yTgaA0iPiLdPb2nOcrjE2z9avgVSyzZFGnOZD5mIwKadCPv8Cp7q8Uu9ad3F3ZN8tog/bcC/DTxtP0WLKjXwwAMPYOLEiWoTZIZ6HKM5m2U9U9K9fBlePXAE7nf6iU01g+etvrpoifVTEA0yQyWcwEFHR8H/rNZ1pq5lYI3ocTrHQ7bv1SnInlpdFPitN/uZ9DMiK4I9V4PruQ6L91+UKCHBPztRpGaWgiiplC285zACwybBqiGVUqaFVk5oyjxEjtqzRKQiigqJ+ijaxI6k6kAvc8r7eo9EZNd+8xxn0TBORjQY6orjsetrAXJmuGQ6bv/oqUir1RVLHn8VMx6pjhll6mJOn88wb/pMzJ//J/78cz4WLPgThw4dMg1AAj0ndY0Dvi7x/A8364+K9zyIp556CuPGjcPvv/+OH374AVOmTMHKlSuRlsZEhEXX81cQE9FzvCXw4xy4X2pvep9iX9FDqSqL/KbQ/L/FkxbwL9sCgR9+P6t1Hw/+qstsCNljXbtFZ99ZVdvDwx23mg1EaNpCRFweAX3O6DF671wff5+iQkUD/EWoRkkN2Ohc21QXuDWfpzbDCdwLoIPu1cqNE2KRcJGpCPXu2bAdtsFfDI/gHxXw53fyn31mYhHlS+Vnfejai0jExEbF2+cKR0/FNtj7fCO0LPE0St58J5687z6UfPoplHzmWTxd8hnc/0AJ3HvvPfjpp580dJJI9UUbsOwVvlvqdsFzUv477rgDpUuXVmYI6MEHH9RBX8b8i+yArxAdDJ2aKPLn2JrVfpA0euJQ1e6G8MI1OqZGYv3kVx2F5i4XL7qP9DJaIjjxj7NW984zOayDtlYAoUXrYLUZBKtia92bRAd2RRY6sEtdF5kp8IvceB31xeGiREUE/I03pgJmJcnriFRCVMrnn74I1hu9kVK+mVRWWwQ//V4XWhSZJeM2wKc7nn8G+B/Q76hciUhqLASNWFSMwo/w1t26JZ+nTnekMUW3eExHWgzAhP4fo2eP99DzvffQ/b0e6COv3+3SBXfedTuuuupKTJ06NSOGnihEXWNiNy7eWfFKKzx1w2247rrr8PbbbyvY//LLL+jZs6c0XveiXLly2gMoqqRhOuqZqCET24XnrdTxGd1O9P0xiO4+qHXjcH5Q2AZ/Zr1U8Ne+feFT/HMx9MgsAkHiydv9dC/olBfaILX7Fwis2qgrdlVWwgR9xSFpLIiTXq8XbrcbgYDZ16GoUNHx/IWzdLPYELASBOSZ/0eXi1doDosbvvccjciGXeq1OK1zdpb/7LufXZLS8D+d/+7jYLaGfUYp+KtRJko542RHpuy50jGS6kZw7grxlIcijTMhyjeHt04P+D+fjNjeQ1JvZgNq4y1xwVY6Vq1aJZ7zA6hS5UWsWbMmy30TgVgOBf/yrbH+tU54Rjx/evkc7HXKefDgQXTu3Bl33303Ro0aZV9Z9EjrUfXM7lUHxO77jEEa90WW3nR4+mJdac16yy99zAD/8gb81QAKgZy646/Jk5jnIYbQm0/zIDB+pqa7dpdthkOVWmJZ89746fORWLd2HcLhiAKkA/7chSslJRWLFy9Wh2Dw4MEaCtyyZYuOlTi/lchUJMA/J8qoSJujm3bA2/oTUdpWmi3Q22oQwsv/0Y2+M+JzrGiem09KnB+kpZD/YgdSNKcPZ0D4+36F2J5DGc92tij+9xUkbDmqEYiCR3buh2/Ez3Az9Mbd2ZiQr/VAjekyGR8p/h480jPitMkbbrgBI0eOhMvlso0qgepEiuFrb8I+e97pjTK334dSpUph4cKFGc/DUBWnet5yyy16LC6kDcDqLQLOvXTnPavjYJ0K6qRVYf2fKYXmLFPw58LN0KTCCfvwFxzdNYDP6IGw6GP08FEEP/4O1ovtFDt2lmuGUdXfwnMPPIyLL74Yffv2hcfjydBTMhf8DRw4EHfddReuv/561YMrrrgCJUuWxNKlSxVDE0WfT0RFFvyzk2aGPHBEvP6R8LzYWvcPdkv3jUnhuJBFFVcqmxXv9CISgbQU8l/swFF4BfwZ9gn0G4P0vYczgOZsUfzv86jpNzje4g0gPH8V/G0/gyUASU/JU7sL/EMn6dQ4LnZhfWQn3mPv3r146KGHdM48PWnHmM7mc2Yn6oaCv4ATZ/vUfrIU7rzzTl3ZyxAVy7tnzx60adMG999/P7777jv7yqJPmoIjEta69FTjlOoWCH0302yMz7rKh3oK/r4Ennq9dO/k0OQ5Uvf2FwVIoslSdtGzmMEAdWaYall62MzImSrPyXDl1iqt0OiRZ3H7zTfjzrvvwuWXX47evXtncVLY8HPQ/6abbsKzzz6LOXPmYNmyZdpIsLFgKNBpLBKZig34Mx7HSo2kuRD4TFpx6bJ6SjeHt1YPBKbMRZQ7FrHyRNN4XqKAjZZC/iP40/PnJuEB7q+aaOAvMotGzYYV3mGT4arZzWwHKAbsa/0pglzpKL0snf4WZQObFdCdew0aNAjXXHMN+vXrpzN9qG/xv5MIpODPAd9yreBtOwjDOvdU8K9duzZmz56tKR3o7TPkU6NGDezcudO+suiTZk8lBuw6CHeLj5AmXrCv0QcIL/tHe21SU/aZp09hAX+L+zVUbI3Qj3NsIyh4oo7x+UKim7Gg6PLqTfDW74s00WOXLnAbhLkjxqLua69h7LjxGDV6NB555BEFf8b0HT3dtm0bmjRpgvvuuw/Tpk1TeVE2qampuvr73//+t44D0VFIZCo24G8q1nRNuVm1/5vp8NTqjlRnYdHInxE5eNR8T4CSo1yUcW1hKWB24s/y5zlLyYR9msF/FsBff8b5Pftov9TXMfF2uDCL2xp6KopHLI2Up1Y3BL78CdHdB9SLcjwqNQYb/OOZs2LYLb711luzdI0dThRiWZjNk+DPRV77F61UL5+e3o033ojbbjMDwOXLl9fBX9WlYkLag5a6I0hyn2RPra46K8c/fLIm3OOzOvWljtRp1Ft4ViGBP8tml1FZ9fIYwv4AvDOXwqrZGanlmmjP1dtnlA5uey0LaalpCAQDmPLzFO2hZgd/xvmff/55lClTBkePHs34nHjZv39/Bf+vv/5aB4ATmYoV+JPZAm/auAmjPh+KtuWqostdT+GHB6tgWwXxYLg7GLeHFAVXJRamAjvx7LNB1HspAmIC9ty+UcG//9eISWPAz/lMhUGUAb12s2+yHMX42UjyfXTfQfiG/AA3Z4GUbwV3pTbwth+M8PyViDEcIMCfEwCy7A5Y8Miu8rXXXovmzZtj37599lmJR5S4n5sKVTCJ3SLb9uLw4cP4448/dGDvww8/1AVfHNyjnRRWHRUGqQ1JXdFGIgdTNJeNp1wLeN7opTmYdMN7OYczgwikp/PsoVmL4anbSzeSCf44T+5hf5HPxHI6z0L9o3MYOepC4KtfkVa9I9LKNoVXHJnAKHFgDqaaZ+N5wnwuzkRzwJ9hHBI/51oPTvWtUqVKluenLkyaNEnBnyEgzgJKZCp24M+47HPPPYeHHnoYzzxVEo/cWwK3X3kN6t1YAotLvwU/M2au2aI5TdRL5XV2hZ8NoupQfxT8O59F8GcsVNh47kYuEfFcODjnbfkx3FXbwvO89KJq90Bg9DTTiAa5u5bxpnh+dmLZHUOiTr344os6KEYQZdw0UYlPEg/+TLXB56BN0KAt8Q6dFb6O3hUXYt1rfcrz8vkivy/VLTU1/CM9Ug7y6yIn9uzk3NN59tCMhQr+7sptEfypYMDfNFAEfjlSR+VZorv3I/DxeHiqtIVLvH2reheEpy5A1O2RZ41IvWctyInAn59zoJfpPuKJYZ6ZM2cq+Hfr1k31JJGpWIE/p1hxVsbjjz8uLfBEbNq8CcuXL0e9N+ri9iuuwqB7nkfqC210X1buCctQhuMVnD3P3yhcbN/Z9fx1oE9kwL2VdQbE3gOwBv+guUw85VtoF52Lt7g0Pybek6ZwUMPidTmDAD8jszf2559/aqyfmTB37dqlnyUq8Umyg7/zLGTqS/x7cnEhgj+dABMalWOaBe+AcbrK1VPzXQQnz0G62A3DQ+o4ncazh6fb4P+CgP8Ugn/+y49TV3UKpzxDJBhGZM1WeLsMh/ViG7gqNofn7X4I/7VaV6TrRAY5NzudCPwZ5yf4161bVz9ziOA/a9YsBX/OaEuCfyERK4WgwnhszZo1tUtOEAtJg/Bh/w9xy403os/D5ZH2oskh720yAMFpf+lCsRiVnZ6vo8x6tG9cwOT8ZnTPwTjwH4vYAYL/6RlXbkjvbf/JG2PoYgRc2h6ctRyedoNgVeugA9DuOt0Q+PpXTWalc77VWGzmfQgYJyino09vvvkmLrroIkyYMEGNoqCeKz+IJfN1zJrP36mLE3FxIQ3lsAcoR+0BSF2Hlq2Ht+kAeOgtv/s5wuu3C6ieAfj/JuD/Ri+48hH8zT0ymTN7tIfi8SM0dyW8rT6FSxow5uD3dfwcoTWbzYpdu5FwnsUpC48O+Pfp00fB3/meAM9ZXuzJ6iC4/Tkxk6FNgj8nBCQ6fhYr8GeeFU4jZMVwVoY/EMCRI0fwToN3NJXAmP4D4f3yJ90eUnfgebOPJmqKpTK7JJXAKL3T9S0MErXRsnNRl25wQvD/aBzSD6VkKFW+k9yS99WFO1LfGvYSTz668yACn02C+433kFahpRiKNJJdhiI0fyXSxduP32s1N6XivWkcnN7J2TIMx+3YsSPDYBKVWLL4bRyz7+RVnElrxa4aHlhPMcuPwIgpJu/Pyx3gHz1NQNWePn0aOezDv/4FS8DfXaWdgP98+Q37izMg1Wfqm+q0vBZ7jjK+/9M8uN95X3uuVtUO8A34BtHNexBxFmKZq83/fG8z70Xwd2b7xIM/13twiidTfXC+v3M+Q4JsKAj+TtqSRKZiA/5OuT///HPcc889OteWizBatmyJp59+Gt27d8e2LVsR2XdYU9ZynrG7XAtYr/XQqYvM1Kd7B9iKU1hhIKoflSe6cz+8HYeYef4fjUf64fwFf+deZPXq+JzyjARiDtqGZi8TwBui3j7XSHCLusDonxFhvn3pGtO7zyvpvYU5R5r57zkfmrFyLUMhyfd0iE9aHPfwPR06JuBOu6C3T/1kWm6r2UCEF65Vz5qOQ14pNG0BrNff0xQgoal/qj6cLjk67SxC0/i+6Fx0zyEER02Dl42MOHpe0We/vI9w5TxDltJIZCdHLx27iAf/+Nk+3Ninfv36ijNc4+Gcv3v3bjzzzDO46qqrsH279I7ks0SmYuX5s+z79+9Hly5ddFoepxQ6cea5c+ZKS8wHjSFyOFW3XvM27g+LPYAaneEVwGVYg0njTANQOBUn6qRlPyH4KxSdGTlK67AT4uGYR2TrbviH/Qjrzb5wVWyh3r6v83AE5/yNyKFURMNRRNJPL/cO68PRJyf3Cd875UhUSoJ/Jmn4hOwPIjhptjgFXeF+oR38A79FJOX0MpqGBfCt13rmK/izHAR/7k0Q3iAN1SffwqrZFZb0YD0N+mrGUs5e0plpOrEhZ/BnpODbb79VJ5Jz+W+++WZUrVpVd2zjDC+u6WAv4KuvvlJ84ZTP4cOHa4oHnk/gb9eunWJnIus4qViBP8vNwRjG4tgta9y4sfYAHn74YbRq3QqrVq82UxgF2GOpbp23zimLXKjkfkkUuucIhFdt0gaCcUBHsRwuCJI7q1edBfwHEvxTze+eBvjzCr0yo9yZr8naJU5xI/y7ePvclu7ljurReV7vgeBX4h1t2q3bLlJOTnxfrtR754Xif1N/V+6j97LfJwplLwvfM7dPxgbu2w34J06JC480DKorttNNOo9+X4knLT3mN/sgOHOJ6ohTnw5nJ/3E/pgHAn5W8Dff5YV4jWH5Te3Fig0FQprni/theJw9dtt+jODspYiKvZtZfXRK+EzH/yjvtX79esUNYgiBndhBb75y5cpo0aIFFi1apM9Mz54hHq5bIdZwzj8jDIw0cLzRkUsiU7EBf5Z7w4YNqFixoi6+YevN7tm8efPw1ltv4f4H7tfKMqtKCYDSAFg+hJf+I8oyEq7KrWC90EaMfghCC9fo5tZUFoZHNESSQzcxPyhDcbftld8ebAZ8P/4G0SOpOu5wOgqkg1d6XwO2uqydzyEeD6dnRjbugv/LKfC88754+9LwvdgO3s6fI/T7UsQO57CXbj7qcCIahFOmjGcWWVlM7Ebw5x6+25wBX56jpyol4rPkN/EJ5cn1WXWDE3EYNB0zZ3/1HIno3sMZOkY9dmSo1zpH+7XeQzj4M8G/h+bKD01dkHFebsi5j96LOq02KuzxIThrqTpzHtFnNiwsX2jJOkQtv54rF2lhtDzmdsdRSkqKbtLPKZvZmcDPhH4kzuzhWBY38WdivxEjRmiYaOvWrXl6nrNJxQr8mSjs6quv1i4aF+XwM1YSK4itMzff5rJroziirGwA2J1dv003hXdX7WCUuvmHCM5YgnSvmQamcUT2BE6oMqdPxrMSJd66B5YoLuPt/k++0c1dqNQK3PK9w7khZ5peFuOQ3kz0aBqCfyyBr/sX8LzSyeSuqddLGoKfEFm3HekBevtybgE1dIlKjlwdGVNu3g6DFPyZ3iESN9tHG9ZsfC5R+sEU3cbQwwHUOt0Q/OEPxBgaFDmoTdn6SnLk4+iiw5zbb73aA56XOmj4lTLNLcXfk3qtqd2PpGhIimFc2q+nRhexoW8RXrdNewO0X5Ytv4nlIFY6az8SPZ1Ddio24M+KIOhzEdGQIUN02bXzLPT+2S17+eWXM5OJiZLqIBHBPRQRz3sf/F/8CKtGJ3jKNIfnzb6iUHN00xju5VmQ4K9z7AX86bU4nv+JwJ98KjKGYYxDB7EF1CMbdiAweiq8jd6Hp5J4+9Xa66Iy5i+PMu0FQV/ONXxuAVp2mVJ+Xt3URBwBgr/0ynRRE+Uv3ynb1+S2TooLcR1IeOl6WM0G6IQJb9tPNUxoAFZAOSfwl88yWM5jSgfPq9013Bj69a88yc+5p+qp2GV0134EvpoKq+57mijOI8fAyKlSZ/s05bixAbFdORYEOeVxuChRsQL/uXPnokSJEqhQoYIO2LAbxkEaxvA4X7dXr146NUvBX5iKoQpLFs84JiAYHP8rPK/3hKd0M/Vs/GOmIbLnkCqSqVv+d7qVHHed/PYxetqpHkT2HdXxB6vJh3DJ73p7fInQyk2IHhBQTvMgPRjS8mYqmBzNXXIk7U3IM3HwOnyY3v5y+HqMEG+/s3hG3Iu0NwLDJiO0dqsO5Ok6B8rCzrfPa4szGQnaLP+pXBnq8geQnuJGZO8RWE2lLqRn5G38oWaGje7Yr9sacmZUeojTBKU++GfXiZGYc9fiS5RXNMWFwPjf4H6xPayXO8EnPccYZcd4ui0Pvkn3GXlyDUtkyy5ENu5EeOMO+If/KN75u3DR8/9pLiDOF2/sSDGTjpenI++o2GN4wzYdH3PXkntVbKl1FRCHjXmyaM9OY0Td1jIVADnlcbgoUbECf3a9mDWSo/OM/XOWD19zsKZjx45YsWJFxoNmrzQFTPYCXBaCU+bCersP3GWbw/VyZ3gHT0JEPPOYKKnOI1bmdfaPOyTvHa8w+7015i7gqumlxSsJL1qjHlBADMH74ThY7QaJJ9RJPX/3q91gdR0O/0ffIDhiCkJT5+tCG2ZajPn8Gb9PjDZHpzz2c8jzMZ9+eNMu+L+Sxqxhf+2ms5ttMbb/2yKk6/6scp0aCOVHmThysZ+nGBCfxcjFrjc+rz6z1AdDYWnSXRc5ReauROiH3xEY/AO8H4yFp7o0lNwfWurE2+pj+HuNkh7ZtwiM+VV7S2E2zvsP2w2zuR/vrx5mMY6aySOqxx1ev00XS7nLiowavo/Qio0qz1iqhejm3YjMW6khocCQiZqo0NttOHxdhsH77jBYb/XWwVhX5TbwvjdK9TG8Uq6nPEVvaSumnlhflKmRreo15RwM614dfnGSPFXamY1npAcS/H0pIlyzw+tYF3JuBtvlz2+K/42iRsUK/MmcU86BGW62PXToUIwePVpj/lz9y/QPGQqVrbL4zoQ+BBTEYwn+sRSeFgPBXftdL7SDr/84RNZus/fxzNmb4HsqrVMW81tiECJPevChdeKpfD8TflF4d4O+sKp3MvfnKlqCvjDBn5xWpqnOwKGR0EuyGveH7/2vEfh5HsJiXDG3WWSjii6/oWDGsrMBO5KK0LwVOpDtFm8/rZJ4+/WlOyyGGFy9Rby04zdaKa7k1IMzD9yE+cLixadIgyoAMuYXeAlKb/TSxtFdLrMuMuukiXBT0xiILnDFs9VyIAKffofQLAEc9gqkUTbThI1+FVeiPFWOHGD95S+4pZGkTKxeoxFaslYbR1/XL+Bl+gbKkzqcTZ5MBW70vAXclUWetW15SuMamrnEhGwsv2mcte74m1J/Undhrx9hztJr/Qk8tI2q0vvo/iXCS9ch4qVNZNpgkk5OxQ78WX7n6LzOzs7n2clcQwAVjkTMtLHOQ0RB26iX4helppLRe3dmxMQT36kHbiugTimVcyNrtiAwVkCm9adwi7Jyh6Q0ARMaAMNL5Ezj4OeZrJ/xe7KAj0saAuYooVcV2SK9EfGUtAGQ341InUW27hUD/EX3IWUMlAbo7fgZgr8u0Ni+6Q5nPn9OcihO5NQ3ZRSNcNDbjTDrdeiPsJoM0Pwy7tJNBZCamg2A5HVmXRg2dWU+N6Blvy8vjerr78HXZzQCv/2F8K4DUgfc6zWxF/ecCVGe7MEyjk5dY6JEjpG5XmwPzzv9VJ4qm9LSYIoDk5M8Xc/L+UwSyNcicyNbqQNOQHitJ3zSy+JCsOiOA/beuWy02atwIzh1gfQc+sJVXhpicWzYOw5v2CnnSQ/M7nmZ3rdd4CSdkIod+DvGHv/+RJyd9HNRHLPIi95GFJF/tqtxp3EufIWW8LaR7mXcvOEsZN9XQwBMl7D/qCqxt9UncLGbSwUXEGdcX717GoO+jgN6NY6s4M/zMxoAsnzG/VV9XaQxmr9SQxexFBeCC1fD22MErGrijRGY3hBgEm+fsx5iHF+Q8ppeQmbDlZMcihNpXVCngyGEtu9DYNx0WI0+0Dn8RtZN1BN1QIr1wmMWZuNgf88eGRsDrTth9WLLiQcr3qv/g68R5Nah4oEWV6K+aEMq+BDevAv+D79WnU7NaDht3aXMCPC2vsZzVr03nzlHNsLsLVg1uuiOdsFl4tEz6+b+QwiJA+UW50dDTa/20JBobO/BjCSDJjRkOzd2eZN0YiqW4J8bzomc7xQwhLmykR5HZNd+XTHInEDMbe5ljHPKfMSOHD8nnvLjKkMu2vJ98ZOGbGgQxihEyWkgNphkgDv5uNBPpmFkXE9Piq/FcAhCOivpte4IffcHgmOmmfnXzMlTtQOsNoO0W+5swMHniS9nPGV/X5SJj+LUn4kbC/uDJqtj/3HSE+qosnNkqnVBebNe5HOnTuJZdywjiNFLzXatATGyeLoVW8LioOPMxUj3OGksKO+iGwbKLk/t1YojEV4nTtGACfBU62j0UWVA+Uiv1m4ILP3seHmqXlP/bfmZnq+RJ3ff0/2gKU9692Jr/h9nwz/4O+2Bu8tzJl5vBCbPU4cnPUbgitdtW9ft8ifpxFRswL8gSLublMcx6QEIiDI3CBen6OYW0t2nF0mPJD3CfV2NcXAhTGT7XgQGThBv33iXBc6V22qaCnc5MYw63eD77DuEpccSC5gxjuIE7qciA7im3nQMh9Nc/96gcWhd0EbAyUmGZ8Sm0dAGnCGQV7sj+PN8pDNurakEim4Y6Hh5hhBZuUlnjzH9hfZKc5TJmTHlyQaFDk7ai221IWAPK9BoAELzlun6HKds55J+5yclwf8klLG5iSgXewBRj1enkrnf7qMhIA6mchA1un2fxiY11LPrAPyfiEfEOccFZBjZ2fE83VU6IDTpD13MpTFSKbvOTjqH/CDT9WfoTvQ4HEZ49WazNzLBg72lAqoT9g6c0JDGsWt0Qvi3RbqGpCiPARiAjZPnWulB9fhSwdh468cP6OYXW05Drb0DaVSrv4sIZ72Js2Xi+pmcpLxTEvxPQozpaxeSHo+8JphywVRwxmJYTQfoakKmpdUdjjZsR+TAYZ094qnUTsHYhAiOV+r8Zk9p6YmIoXDQLTR9MSJcmSxlZV2aqannkucvzyuNNnM4RXZLQ/zBWM3dZJWWxpHx/QIAfza+zhhAZi+gKbw1uiG0bmuWVNhFjbLIc+8hHWBVvXee0x64zW82A8HyWvRaQ0ry3lOtk/Q6NkojlDXRYBL8T4+S4H8Sohep4Gk3AupJk8UDYs4QD/PvV2oNq2JL+DsOgX/YJHhe6yHKa+KeOcU7jdFQqZshVQDpaKkmOCLHIzwKH+VnwinyOk09n1M3IAQ01/ONDeA07I/o+h1IjzIU5czssR/oHCCtMzZ6TNvx9XSdr+/Ug8r9JHXixK15TBVOKdUUR6XBSGFDznNUzs59MpkDm+qZ0kPVepeGho0NG//Wn+o0X1aC/rEyilCFZJHnN7PgeaWL/fzmmanH8bLIkImCNrmJyFKOdE7kXB7jZ0/lyLynnm/O0WvKUKZN4W81CDFmvFW9NvJMgv/pURL880BsAAyYyjEWQ3jDDvh6j4JVuY2OA3Dqn3oscXy8YpsBRjYOi56ojemPVMevj7yCXx+Wo/Bv8nq6HP94pCb+efpNAyDZ75GNaSQO871/xM86GK0D1to9th/gHCBNlSF1FBQP0d1y4MlBxmEBam1Ay7RQ4D9UqiHWPPUG5j9WE389Vgvrn6qPw882NqCU/doTMkNMjZEq9wz+8qdZDCZl0wFTHu3yJjo58gyt3gx3m08ydOxkzJk/HspUGs9NosMbnn5DuC7WP10PG56qiw0l6+OQyDMvvTCtH5Gnq0xLzQ3EtTgqR5avCMkzkSgJ/nmgeE+DciJHdh+Ed/D3cFVtbwBfFDWesytxmnhLHvGG6P28eNWNuPb8C3EV+TyHL8Bl55+Pm/53MXrf8bRck7duNY3T+0ZvRFZt1rnYNFyW91whnaobCZs9CrhlZw4yys5pZZrDYm9N6mSzAFPzmx7GAxdfhRsuvAS3XHg5Hr3kGnz3UBXpmTWS8xnOO/4ex9V7Kc5akboQ0LIavo+Ynfue5StKYKXlpTxHToVVpYM8a+6cEcppy9MNUPLy63D/JVfjwUuvwgOXXYmHL7lK5Hklvrm/Eg4930gbWzcXe2W7x3Fcig1zU/hErr4G/RA9cETHtajaSfA/PUqCfx4oHvxNAyC9gZjIa9NO+LsPFyU9tWFYDA+IYVilmmGGePmjS5THiPvKZvBHd5XGc1fcgtsuvBSD7y4tAJJ78OfMCB5TyzaHn4vA3F5tAARy7Cco/iTVgvBOJsn7TGWRUwOcnS0BFPbI9pdqgkrSIF/63//gjRvuxfB7y2H4PWXQ4qYH8cvDL+FQaQErAfSc7hnf23OcANaxDjJLfUeWrtVwIScR6PoQFrQIkMpz1z5N+a3PGffMJ2KOA6Q93xhrpcd06YUX4D4B+zrX3oV6N9yNujfehwbCsx57BSnSOzDx/FPrOHtQlGdKWdFzeR/5azVi0pti+bRRLSLyTCRKgn9eSPQrA/zlz4wJHEP4703wtfhYlDQXXpEAAacDshubKq9T7Tg/Y/zknx6sgmcuuw5Vr74dC5+oLYp+6nuSne64HuV+Vt/RYrQHMwzjXDEOPmdk5mJ46r+nnuKpwIrfM0zheq4xhtz9PC7873nocPMj2CZe62GR42GR50GGb3i+1BnrjeCT032yMutZehVSBtazb/hPiLq8qi+6yK6INMgqT6Y6ebt3ruRJdnECQqnG+OepetKTPQ+NbnwA/0iP6rB8dlh0/Igc056THpQ6Qrynue/J7u2iTqvNmPOZVpqLG6MqT66jSIJ/XikJ/mdANAzGHUPc4OLV7rkG6qxsFJ+gQsPofNsTuOV/l6DH7U/jsAASPdKcrzsZC/A07Y/Q2m0a9nFio9oA0EZ4KCbsPI/DBFem9HW/3OGkYBLPBDUOtj9x2bW446LLsO7pugrYCuD0Tunt20BuxhDyXie+9oMRO+Iy4J/RIJtnSCTOUZ5f/wp39Y65lid1+WiZRlgv4H/Z+eeh2U0PYVfJN+U78fDLNDZylfN0AF3kq+Bv95iy3+tEbLX7DNGDqQr8RaknlUiUBP8zIDVgkVdw8hzNaXI64G8MqqkOjs17rBYqXnUTylxxI6Y9Ut0smc+DQWSwNBiclRFctP448C/uzNlZ/n7j4S7XKsNTzc7Z5cWB2S1Pv4MLxEutefWdWPx4Hcx7pDamPPAS5j5eC3ueaSDX8V42UJ1GPVuv9tR0H2b2WM5lT0RWeX70HdzlW+daniof8e7XP/kmrjjvArxy7d2Y8lA1zBH9XvXkazj0XEM5j6FPI0+dGZdH8PeKPCN7Dmv5kuB/epQE/zMgGgeXlwcmTNcMnKcDCmYGSVOkCPe682ncdtHFaH/Lo9glgGMWDZ1Gg1JGylKpNfyDf0Bg+iKTgnj64mLJkRlLsnBYntXbeIDUhRNSyASWEwFMyvONsfyJN/Cvf/8L9150ufQArsH9l12Nu/53Be66+ErUueFuzH+itk77PK06FnaJcxD6bhaCMxYiNCNx6yNHeTb7OE/y1Cmv0qCuefZNXH/+Bbjxgktw/8WX486LLsWjl16D1jc/jGVPvK5TaHk+w2gnulc8M6TphDeZ24rrONTzTwL/aVES/M+AHPAPfiPgT8ClgtqcXXFPxLpIRrq+K594DdWuug2PXXIVvn2gcpyXlXewMflRmuoeqVatrsJdsnLtgmfPCdhdxz7yvZSFr3O6Ptec7dk88rzuyiaJXgZYZePs8koRQJnxaHX85//+H24XgGLIbXyJSvjq/op47bp7cMv/LhXAekRj2Hmb7hnH5ZrDYvrj2u/CJeXO63M78otnlaEtT0eW2Tmne52Uc5RnG5Fb7uVJTinTBAfEw/+6RGWMv78SxopOD7ybkxluxE0XXoK24uCsfaqu9lJ5/snu5XA8+Lur2eAveFWUps4mEiXB/wxIu8bpMYQmzoaLeU5O4g2dkG3Pf/BdpcXTvByNbnoA654WkNFGwSh8jtedhNWImP6ZG1mLkVjVOsLzUuGz5nNXltdSht0VmmF3RSmfNEosFw2YzNeGc75Pnpj3qNBaw2W5ARQyB9oXPFEL//6//6De9Xdjjch//7ONsaf0O5j9WA3xVq9FuStvwtxHa54B+Et92M/t4rPmVPZTsCMvlafIlffbUb4JNpR+G9vLNsbRF9uqnDPkmu3602LKkyt68yBPJ81Fmjg1+55rhIPPviMNwTvY+WwDTHv4JZHndXhcZPrzQ9Xse556tk92Zg4r7hCmYU3hZNgn75QE/zMg3flK5MXuslVTPCRRyryDf1NsfuYt1L72TtwrXeNR95XXVb9qZPGeTh6YA5TMM8+8/qE/pOv+x1KEZy8rdA7J74Z+XwrX1Hn4oUUXvHXv4+ha4WXsnzhdPw+T/7DP59F5fQbM39QtK7npijSquQmbcQbJ6qfewL/+9S+8ev1d2PPc2wJgLbUO9ghwPX/FTdIjuxK/PkywMh5wTvc5GXvf6Yfgz/MQlGdkGXMq+6lYr+P1IrfVQ75G74o18Prdj6DKjXeh1u0P4OPq9bFl1EQEZi3OODen++SFVZ69RsGjayZyJ0/15oW9KiumzGavmNM6m2CvyLPylbfiDulNTXigkug3r8k7+HtbfIzYgSN22IezfZKUV0qC/xmQ5j0h+C/fAKv5AAF9UfY8gj+9pHElKuH+i69E7evu1FW/8eBiFsHkjVkOX/cvdc9U3VvVHxQOFTqHLS82rFyNru06ouSjj+OKiy9BmVKlsWsTdxNjmWwOyPkB5/3x98kL83m54QezruYa/KW+dj/TANecfwEekHrYUrI+PM+ZMN7ix1/FE+KplrvyRsx97BUBq9OL+/sH/aC7h/G5T79O5BqubBV+5/W6KPnY46hVvTrqvvYaHnv4YZS44y706doDe7ZsM+fmlzx/XQhP3d7yHLmTp5MeI5XTOfkZAZ52IcflT76uoZ+HL70aUx6qos6NaQBOzfFhH/+n3yGW4hYb5P4U0gDYNpmk3FMS/M+ADPgfQ3TvYfgHjjMKTs6mtCfj/dIdfuOGe3CzeEKD7i6NfaUayD3oLTE9QC7vZRtExrnlmiP47UzE0iytVCczaWGzy+1Gx04dUa5CefTu2wcXX3QRnn6mJHbtlEaJssvgnK8/HWYYgHvyWm24yIurqY1MTipHkfPB0o1Q78b7cOl/z0f325/AX4/WwdzHa6LJjQ/ilgvN1NstJd+SOmEqiFMDoPYQeB7rsFwLRBasRbrYFOvDzPU/HWZdGpl99NFH+O7bb7F0mfQC1qzGDz98j4cefgjPlXoO8/+cb87N8R55Y5Xn5t3wduAir9zJ0zx7Mwy/twy+ur8yFj5aG8ulZzX9oVfQ+MYHcKvoesubHsXaJzmGcmpZkk2Da2TqKttCt3JUB4LgL2WUoiYpj5QE/zMgHfAlsAaDCE370yQRo9dvg3ZuegBLn6iDF6++Fa9ccyfmPVYzQ8n5nc6CiDv3ZExjc37Ter2nbnBtdjgyIEDbKFw+Bq/Pi6/GfIUpP0/Bvv37cNVVV+IZgv+unVImM0vj+L+c7pV7ZqMS8/oRGDJJN/fOkI/N8TLL+E4AJVUa3D8er4Vyl9+MBy+5ApWuuhnlr7oRD118FV699i7MFwBLVTDnDJVTAxYbcJMzSACzQT+kH0zNmJKYU7lzx5l/+/btg9/vy2gMLI8HNWq8gnvuvQdTp02Nk29O98k9G3kGEODGRFUy02WcTJ6cxslkbB1ufRjPixxfuOo2VBYdL3PFTXhQ5Fn7ursw65GaOFLK0fVTy9NswEOZin6/1Rfp4nBRnioNec4k5Z2S4H8GpJ6R5vynd7RLQy0mEZvDp45lri9ZH9/e/wJ+f+QV7H2W85/zHv/kNWqIBKay0iUe/L3mPlFgoIGcJeNg7pXU1FTdOJ9luOaaa1CyJMF/V4GViaDHhHahxevgZdrtuJ7YiQCLYQp69IcEXKY/VB29xMtvdfNDyp/cVRrzpFE4+Bzz+vD6UwOVMhtj7cG1QPD7P3AsGLZLmH+k4G6zZVl46aWX8Oijj+L333/PN/lmyHPZP/C2GJgreTI0Rl2c+1gN9L/rObS79TE0uekBtL35EXwqvVsmzNvPuf4iI+P550amnMHWGB4mypswE8fE60/SmVES/M+ATLfYeP/0NoO/LYKnTlcxCNs7pHLnqMiZzMFGri5NYcZC8RJPb3MMXmOMyHq7D0IrNmgWSW7AwbIJEtglLlyKByfy1VdfnQH+BUUEqwgBK81CYNQ0uF7pbBYRiZyUT9Ab0xTEHLOR445nG2DT0/Wx8Zn62FuKyceMbE8Edjky61EaYp8AZnT/ESlY/g9Kxst27ty5eOyxx/DGG29g/fr1+ll+kAP+UZfI8+vf4KrxboY8+Zw5yVPDXSJLpmHe9+w72PLM21hXsh42PfOmTv90GgfHTnJKl3E8m0Fjb/OPNJki99hI0plREvzPgGhgGhsVmWlsdO8RBIZOhvtFezMXBY2sSnw8eBBwqNg80hiyf39ijr+XGlL1zghM/EOAz2MaJLKCg13gQqZ4cCIXBvjzdzTUJeAQ3rgLVu9RcHHvVwEkjRfHySwLq6duGgGtN2mQCV4cPM9Mq83j8XWaI5dpDqtOD4T+XIFYOGqXLn/JkStDQA0aNMCDDz6IMWPGwOVyZXx3ppRFnpt3w+on9z+VPClLafjcDH2pvMz+Fmbygi1DW84nrI9szOmgnFEXnLtcN49P0plTEvzPkBwjI6eL3CICOP5eo5BWmcvhBTxs71+9oewKnWEAjrdvG0a283LijMaFmSN5rNoOvs8nInLgiHpFtHunXGeLMuQiOsWjA/47d+4suHLJbZ14N/dTDi9eB1/bz3RbTa2DONBRj97+zHwusuVr53MelW255/SZzbw2ox7ZiNTsgsCEmYgFg4jF8gf8HXk6suMxLS0NAwcOxEMPPYR27dphy5YtKm9H5mdMtjzVyaE8l/0DX4chJ5cnZSENptnA3ZGRkY2RU1a5Oa/j2ZznyFN6B3RsuGe2zy+NUcE0pucaJcE/H4nGRmMPr9sKq+cIuF8wKyOZt0e9nlyEgXLF9KzYS6BHykGzau11w/jwngOIcX9TWmwCEOXhgBC5UMA/G3HTj/C8lfC1GaS7rnHQ0IAV64QhBwNWZ8IGBG3AKtdCFyD5v5qGqNsyKb/TI3ZpzowcOTpMD3/06NEa7qlfvz5WrFih4yv5Bvw5EKePhheshq/dYJGn9ACyyTOnhjGvnEWeZUWetbrAP2KKyNMjDSnlGU0YHS/KlAT/fCQaHLvIsaB4SBt3wv/B1/C80lm9oRQBao3pZ1P002IdGxADYR50As3QiYjuPST1xs1bEiddcDxQkc8G+HM6Lr3F0KK18HX5Qle+MrzDHpmJNZ95nRCsOC3XKt8Knrf76YAkQ28KVML5tYG7I0faqNvtzgD+V155BUuWLEFQHA/nHIfzm1SefpHn0vXwdftSVxsXnDxbwvNmHwTp8ae5812e5zolwT8fSczNgD+VVDxwAnJAPECrQT+4XmitBnKibm6euEwLeKt0gLfZR/BNno2YGoaZ78zfZzkSgVimo0ePYu/evRqXvuqqqxSsli5dqu8DgUCBAFQ8mUF5kYvoc3jDdk12567bS9NxMD98Zjz/9Njx9t3SyFudhiI0a4n0Nnzym8d0wF3HXeSYH0RZsY4joltjx47FXXfdhSeeeAKTJk3Ctm3bVKaUNUNBPKdgwN+RZxgRbmL0+SS464k8K7XNX3lW7wSrwxBNghfzegtEnuc6JcE/H4mm5hioGohwRBQ3vEi6yf3GwPPGe5pvhxlAdaGQsDYGNBoO+qpH77DzuRgDz6M3JF1ghnisBu8j8Nn3CK/dokZotgZkXNbEZhMD+gG/eIhff/01unbtim7duuHKK6/EHXfcgZYtW6JHjx5YuXKl6hllVhBARdL6sO9/TBqj2OFUBGcuhrf7CFh1usNVmXlrWqinmbGAiTK3XytrHZjPMuqLHi5zCFUX0G/+EfxjfkFgi/RoGHbhZi36uyb8wkH3/CC9p+gUwf2RRx7BxRdfjGrVqqFjx44qX4d//PFHpKSk6Pn5Tea54uR51IXg70vg7TFS97Q4M3m2MqDfbAD8o6chsHkHjol+F5Q8z3VKgn8BkpgHosei2lUNiXcenr8CgU++hbvJAFi1ugmQt0Na5VZwVRBQlwYhYw41j0wRXaGlZlT0VG0PtxiW1fIT+L/8SRdwhdUbkgYmlriG4PF40L17d7z88suoXr36cTxjxgx45TkUSArJoPkz0bD0yvYfNumK+46Bt8EHcNfsovmANIlZeZG7NLQccOT+vmllWR8CZlIfHtbHyx3hqfserM7DEBw/A+F/tiPiFyOS+mCMnyBVEETbJLM39frrr+coU/KQIUO0F1AYMlV5RkTHDx5BmI3q+19nypOJBU8iT7cjTyaQE8fI6jgUwbHTEV63rVDkea5TEvwLlOipiXckAB1RRY4h6g8gvGMvQjMXwT98Mnw9xQNt/Sm8Dd+HJYDifl1Avn4veBv1h7fdYHj7jBEvaCpC0nBE9xxCejCs4RSGltKjphucqOQs8jpw4IDywYMHszB7Bg6gFR7422ELqZdoLIKYx4vIxh0ITJ2HwKDv4O8yDFaLjwTA+ulKac/rPeB5qw+8TT6Et+Pn8H44DoFvBKCWrBXAS0F6iKuojTfK++q2gnIsCGLZeW/K9dChQ8fJ05EzxwMKKuyTnbLKU0DE8mk4KDBtvvZO/V2Gw9tS5PmOLc/XRJ5v9oa3scizwxB4+4s8x4s8F69B9MBRkafUSSHJ81ynJPgXMKk8bWXm3HvOVNAGQbyZWDSmxhJjwq+d+xHdsltXCke37kFs90H5PBXp3oACvZ5PAyPLvZTl3rqIK0GJwOAAlvP6ZFwYxJ+hzNKlQTYxZGF5zWN6VHoEaR7dcSu64wCim/cIkO1GbNt+xLhr1FE3YkxCJ+DLZ9I4tNyQR11XIXWk95bvCoJ439zI0jmnMIg/c1J5umx57oyX576EkOe5TicFf3pmSTozEt21Y5Wi3JqEKt5IhfmdyFzf8/O47w2bazO/F0OQxkDP0/sXjpGfDjnPcCIwcr53uDCIP0OZOUzZOnVggMYuc9znvMaUMf56fm+XXarEeQZTpwXzLM5vnIic7091Xn4Sf8aRpZHHKeSp7JTxJPJ0ritAeZ7rRHzPEfw5X5izMZKUP5Sp8EaR499nZ4eyv09SkpKUpPwi4jtxPgv4M6bImCHnDScpSUlKUpKKHxHfifPEewV/epp844R+2DpwRgZnbnAgicyVhUlOcpKTnOSiwQ52E8eJ58R1J+RDvCfuK/jHe/9OA8D4EAcIeGGSk5zkJCe5aDHxmzjuAH+8158B/tkbAMaFeDKZXYUkJznJSU5y0WIHw4nn2YFfwZ+xoOwNALsGDvOiJCc5yUlOctHieBzPDvwkBX+S86HTCOTEvEGSk5zkJCc5MTkn3CbH47tDGeBPij8hyUlOcpKTXLw4nrKAf5KSlKQkJencoCT4JylJSUrSOUhJ8E9SkpKUpHOQkuCfpCQlKUnnICXBP0lJSlKSzkFKgn+SkpSkJJ1zBPz/OOAn/SBBpkMAAAAASUVORK5CYII=\">', NULL, 17, 23, 2, '2020-12-29 06:28:15', 'Part A');
INSERT INTO `course_assessment` (`cassess_id`, `course_code`, `group_ref`, `session_ref`, `assess_num`, `question_num`, `question_stmt`, `question_img`, `blooms_level`, `co_num`, `marks`, `entry_date`, `section`) VALUES
(53, 'CS6101', 2, 6, 1, '3', 'List down the risks from multi-tenancy with respect to various cloud&#10;environments.', NULL, 18, 24, 2, '2020-12-29 06:28:15', 'Part A'),
(54, 'CS6101', 2, 6, 1, '10', 'Discuss with example the elastic utility computing architecture for&#10;linking your programs to useful systems. <i>(EUCALYPTUS)&#160;</i>', NULL, 18, 25, 15, '2020-12-29 06:28:15', 'Part C'),
(55, 'CS6101', 2, 6, 1, '6b', '<ol><li><span>Briefly discuss the NIST cloud computing reference architecture.</span></li><li><span>List the Pros and Cons of cloud computing.</span></li></ol>', NULL, 17, 23, 8, '2020-12-29 06:28:15', 'Part B'),
(56, 'CS6101', 2, 6, 1, '5', 'What are the phases in data security life cycle?', NULL, 20, 25, 2, '2020-12-29 06:28:15', 'Part A'),
(57, 'CS6101', 2, 6, 1, '9b', 'Explain the architecture and working principle of <b>MapReduce</b>', NULL, 19, 25, 8, '2020-12-29 06:28:15', 'Part B'),
(58, 'CS6101', 2, 6, 1, '8a', 'Discuss different methods of <b>resource provisioning </b>and<b> platform&#10;deployment</b> in detail with a neat diagram.', NULL, 17, 24, 8, '2020-12-29 06:28:15', 'Part B'),
(59, 'CS6101', 2, 6, 1, '8b', 'Explain the various design challenges for effective cloud computing&#10;environment.', NULL, 17, 23, 8, '2020-12-29 06:28:15', 'Part B'),
(60, 'CS6101', 2, 6, 1, '7b', 'Write short notes on<div><ol><li>Desktop virtualization.</li><li>Server virtualization.&#160;</li></ol></div><div><div><br></div></div>', NULL, 17, 23, 8, '2020-12-29 06:28:15', 'Part B'),
(61, 'CS6101', 2, 6, 1, '1', 'List down the properties of cloud computing.', NULL, 16, 22, 2, '2020-12-29 06:28:15', 'Part A'),
(62, 'CS6101', 2, 6, 1, '7a', 'Explain the different levels of virtualization implementation', NULL, 18, 25, 8, '2020-12-29 06:28:15', 'Part B'),
(63, 'CS6101', 2, 6, 1, '4', 'What are the issues in parallel and distributed paradigms?', NULL, 17, 24, 2, '2020-12-29 06:28:15', 'Part A'),
(64, 'CS6101', 2, 6, 1, '9a', '<ol><li>Write a note on security challenges in cloud computing .</li><li>Write short notes on risk management in cloud.&#160;</li></ol>', NULL, 20, 25, 8, '2020-12-29 06:28:15', 'Part B'),
(65, 'CS6101', 2, 6, 1, '6a', '&#160;Explain the service models of distributed and cloud computing in&#10;detail.&#160;', NULL, 17, 23, 8, '2020-12-29 06:28:15', 'Part B');

-- --------------------------------------------------------

--
-- Table structure for table `course_assigneval`
--

CREATE TABLE `course_assigneval` (
  `cassigneval_id` int NOT NULL,
  `course_code` varchar(15) NOT NULL,
  `group_ref` int NOT NULL,
  `session_ref` int NOT NULL,
  `assign_num` int NOT NULL,
  `question_num` varchar(10) NOT NULL,
  `reg_no` int NOT NULL,
  `mark` float NOT NULL
) ENGINE=InnoDB DEFAULT CHARSET=utf8;

--
-- Dumping data for table `course_assigneval`
--

INSERT INTO `course_assigneval` (`cassigneval_id`, `course_code`, `group_ref`, `session_ref`, `assign_num`, `question_num`, `reg_no`, `mark`) VALUES
(1, 'CS6101', 2, 6, 1, '8', 2018503557, 12),
(2, 'CS6101', 2, 6, 1, '3', 2018503557, 1.5),
(3, 'CS6101', 2, 6, 1, '1', 2018503557, 2),
(4, 'CS6101', 2, 6, 1, '5', 2018503557, 2),
(5, 'CS6101', 2, 6, 1, '6', 2018503557, 2),
(6, 'CS6101', 2, 6, 1, '7', 2018503557, 2),
(7, 'CS6101', 2, 6, 1, '2', 2018503557, 2),
(8, 'CS6101', 2, 6, 1, '4', 2018503557, 2);

-- --------------------------------------------------------

--
-- Table structure for table `course_assignment`
--

CREATE TABLE `course_assignment` (
  `cassign_id` int NOT NULL,
  `course_code` varchar(15) NOT NULL,
  `group_ref` int NOT NULL,
  `session_ref` int NOT NULL,
  `entry_date` date NOT NULL,
  `assign_num` int NOT NULL,
  `question_num` varchar(10) NOT NULL,
  `question_stmt` longtext,
  `question_img` varchar(100) DEFAULT NULL,
  `co_num` int NOT NULL,
  `marks` int NOT NULL,
  `deadline` date NOT NULL
) ENGINE=InnoDB DEFAULT CHARSET=utf8;

--
-- Dumping data for table `course_assignment`
--

INSERT INTO `course_assignment` (`cassign_id`, `course_code`, `group_ref`, `session_ref`, `entry_date`, `assign_num`, `question_num`, `question_stmt`, `question_img`, `co_num`, `marks`, `deadline`) VALUES
(5, 'CS6101', 2, 6, '2021-01-07', 1, '1', 'List down the properties of cloud computing.', NULL, 24, 2, '2021-01-07'),
(6, 'CS6101', 2, 6, '2021-01-07', 1, '3', '&#160;Explain the service models of distributed and cloud computing in detail.&#160;', NULL, 24, 4, '2021-01-07'),
(7, 'CS6101', 2, 6, '2021-01-07', 1, '2', 'List down the <b>risks from multi-tenancy</b> with respect to various cloud environments.', NULL, 25, 4, '2021-01-07'),
(8, 'CS6101', 2, 6, '2021-01-07', 1, '4', 'Write short notes on<div><ol><li>Desktop virtualization.</li><li>Server virtualization.&#160;</li></ol></div>', NULL, 27, 8, '2021-01-07'),
(9, 'CS6101', 2, 6, '2021-01-07', 1, '6', 'Discuss with example the elastic utility computing architecture for linking your programs to useful systems.&#160;<i>(EUCALYPTUS)&#160;</i>', NULL, 23, 8, '2021-01-07'),
(10, 'CS6101', 2, 6, '2021-01-07', 1, '7', 'Explain the different levels of virtualization implementation', NULL, 23, 16, '2021-01-07'),
(11, 'CS6101', 2, 6, '2021-01-07', 1, '5', 'Explain the architecture and working principle of&#160;<b>MapReduce</b>', NULL, 25, 8, '2021-01-07');
INSERT INTO `course_assignment` (`cassign_id`, `course_code`, `group_ref`, `session_ref`, `entry_date`, `assign_num`, `question_num`, `question_stmt`, `question_img`, `co_num`, `marks`, `deadline`) VALUES
(12, 'CS6101', 2, 6, '2021-01-07', 1, '8', '<div>State the advantages of cloud service deployment<br></div><img src=\"data:image/png;base64,iVBORw0KGgoAAAANSUhEUgAAAX8AAAC+CAYAAADdhw/CAAAAAXNSR0IArs4c6QAAAARnQU1BAACxjwv8YQUAAAAJcEhZcwAAEnQAABJ0Ad5mH3gAAKXnSURBVHhe7b13gBRF8z7++/P7eYPhNeecE+aMCpJRQJFkAFQk5yxRkiKiIggoQQTEACiCSlCSSJaM5JzD3e3ubA7H86uneuZu7zjgDu6OvWPrKGbDzGxPddXT1dXd1f8fkpSkJCUpSUWGotEY9uzZh4WLlmHJ0r9x4OAh/SyvlCP4Hzt2LMlJTnKSk1xMOCfKAv7ZL0hPT09ykpOc5CQXUc6O6fGk4O984VwQi8WycDQaTXKSk5zkJBcRzo7h2RsDBf944HeAPhKJKIfD4SQnOclJTnIRZQfLnQYhvgFQ8I8H/iTlL6WrfEXY6dLDEub72DFpjYXTs7DUgbJzPs8zdZPI5CiS8zpeubJzopApj9SFyFjLS3nHlVM/i5kj6yXjO/7ZrxOBnLKeTObZuSDI3Dsv8rTLm2DyLO6UvQHIAH9+wZYiSflDjlLTEAzgy2sxADUMNQT5jMZgG0QGyKgBHUNU3kflPb9PZHKeM/61o1zZOVHoGPVdysP5ERRvVP5jw0tQchphPoM2vvZnifgs2cuUGy4Iyq081RGyPyuMciUpKxHfifOOfSr4szVg1yAYDNqnJelMyVFqBX0bzGPptscvlRDz+BBN8yCW5jbs9SEmdcBz0sk8zzaYRCbnOZ3XWmbhQCAAv9+vuhV/TiKQNrAxltPUx7GgGIXbK/VgSZ2QpV78AaTbhsI6cJ4hkZ6F5XAM+UTlyn5OQdDJ5GlkSnn6E16exZ2I78R5xyb/P1YG37BVoMEmKW9EvRX1tbuwxtj4wng59O4FxMUQIpt2ITR9MfxfTIb3/a9gvTsU3vaD4etg2Nt1OHz9xyI4eirCc/5GZNtebRCM4fKHnB+T+2a8TCzDoQ6tXLkSXbt2xeuvv47XXnsNnTp1wuLF8txi/IVFRlxOnWRj0fVYqgvhtdsQnLYAgUE/wNt7FDydpB7af6bs7TAEvu4j4Bv4DQITZiC4aA2iew7hWCCoQKf3kT+pGa0I+XdWyOfzYcmSJZg2bZryL7/8koXnzZuH/fv3Zz77aRb05PIU/Eh1I7xuO4K//IXAZxPh6yPy7DxE9Dtenl/C95HI85vpCC5cjciegzjmTyx5FncivtNGndCPgr8T8ilMAy0uRMV1YvYm5kmW99GIAMZhBCbPga/HSFj1+8BdozPcVdrBXbkN3BVaZeWKrfVzT9X2sGq9C6vh+/B+II3BzMWIHk6DtCKIyG8xVBSjwfB3+Nvy/mySAwLUH4L8U089hUcffRSNGjVC7dq1cc899+Dxxx/Hn3/+iVAoZF9VcKT1ITLJZPZsRWYC3NFNO+EfP1MbXt+rveCu3hmeF9rCXUlkn1N9yHeelzrCU6cbvC0GIijAFl6wGlFpPGhA8WG7s0G7d+9Gw4YNUaJECeX7779f+d5778Udd9yB559/XhsFp47IeaUTylO8yOjmXQLmv8PqMgy+13rD/Uoe5Nn8IwQHfY/w/FWIpiSGPIs7Ed9pp07oJwP8aZhJ8M8r0aDEX9EwDYFZOBxBZMc+BMf9Bm+rT+B55V24xBis55vD9XwzuE/BruebwlWmKdxlm4uxtIO3dnd43x2O4I/zEDl4FLGoGJ42NJnGeDbJAZWUlBS0bt0al19+OX799Vfs2rUL27dvx4ABA3DDDTegR48eOHjwoH1VwZGpB9NA6tEfQGTtFgSG/wRv4w/hflnAp4I0vqVbCIucc6iD7Owhl5Pzq7SHp14v+PqNRmjmEsRS3Cp/hjrOBtHz/+OPPzBu3DiMHTtWj+RevXrh4Ycf1kZ3wYIFGXVEzivxmuPkuV56TV9Oga8J5dnpDOTZDp6678ErPYXg9EWIHXWdVXkWdyK+E+dzBH8qU5JyT2JO6qWoDMVzibo8CM5YBF/bwbBeFi+onCi5GkQTBXTzOmeDiGcah6uMHHkNPysvnlPNbvB3HYHQ4jWIBgNiiFFtBGiQZxP+HVA5cOAAqlSpouB/6NChjK7lb7/9hptvvhktWrTA3r177asKjhzw197svoMITpwFq5mAVLUOcBNwtA6aI82Wc+4Ay9Qhjx7WS+XWAlo94f94AqKrtuhvnQ2i3NmV93q9ypZlweVyaQNw9913a9gtNTVV68Gpp7xSFnkeOCROyB/itee3PFvB80YP+AaMR3TF5rMmz+JOxPck+J8J0YBoQ8KOt58eiQnQHEJg9FRR4p5iFC0F6I0X7yklym6/dqnCGwNwncpI9HtzDs9lr8FTQXoQ7/RBcPJcxFzidbLBsQ3bITZIZ4MIMh07dsRFF12Ejz/+GEeOHMn47KabbsKoUaPg8Xjss/OZtE4MuGmdSO8rvH47/J9MgKdO1wyQMnVg96zs98fJ/QSs18k1pl7lszLSk6sqPbM2nyL0xzIgFFbZm6IUXh04oO4we1zt27fHAw88gNGjR2sjHP99rojn2ecbeQrwb9wJ/6Dv4Hm1W/7JUzhTnnKs0lZ7y6FZS86aPIszJcH/DCjDgOyjGoYAf3TnAXg/+wGeVzrZym2DNl+LcscrfMZrMRbndY6c5TphGocwjcTzancExv2m3WTGX1kOmocxlrNjKIwlLl26VL1/xvlbtWqFtm3bavy/TZs2GgIiEOU3aT2IDtM71aMAf2j1Fvg4iCveqcrMkakjS752QCeXnPXc5pmvK7TS8ZnQtD8RExvSsIWUozDI0UeHKV+G3Dju8vLLL2PHjh32mbmnnOTJwXFfvzHwvBQnT1s/z0SemefHybN8S1hv90VoyjxEC1mexZ2S4H8G5BgZwVY5XYB/z0EEPp8sQCPAHwfY+cmOoWQajDQctbog+O0sxFI8aiBO2cjyn13iwiP+Lj37kSNH4oorrsAtt9yCa6+9FrfffjvGjx+v4YiCIG2AbaBiDyyybhv8fUbD82I7IyeVVwGzeMLWW30RnLEYMbElNsiFQfF1Tj58+DB69uypA74ffvihNsh5pePk+c8O+Pt9DU+V9vKshSTPsiLPer0Q/G2hND6cnZIE//ygJPifATlG5oB/7Ggagt/PgvXKuwr8afEeTEEyvawyTTTEFJq9HDGvP3PKnLD8Z5e48IhziDm1kDN86Hm+9957aNq0qYYfqlWrhhkzZmhMOr/JNMLGU43sOgj/oO/hqdpBZESgKjiwytoYC7MBeOd9hNdvQVRAszBIdVGe2znOnTsX5cqVQ4UKFbB8+XKjC3mkLPLccwj+IZPEseloj1cVojzLNtcGNbxmE6LS+0jSmVMS/M+A1MhsjgXDCC1YBU+Dvhq3pGFkDzHkxFkUPNvr3LK5hoPIzWC1+QSRjTvFS5MK5eCzlK2woJ/ycHjfvn2oXr26DjROnDhRvVCGej777DP1/mvUqIHNmzfbV+YfaZ0wNCANYGDiH3C/2l1lZOqEssoZsJyYs3lvjikCcGkau7bP4z3s+2Rnpx4d5mBnWvnm8PYcofPeTWOsBTQFLQByZE8bdrvd6N+/v8r/3XffPe2GNos8f5wL92s99HlPKk+Vk3weL7ssbGSd83eG42VJVnmWbQpv9y8QPZxaKPIs7pQE/zOgDMMQjuw8AN+AcXBx8MtWVp3tcAp2QIfGtP2Zt7Hg8dpY/dQbOFK6sSp9lvjnCZigb35L7lOhFQJjf0FUp8mZ7jrLWRjkgA/1h4u7GO6pWbOmhhuccqSlpak3euutt+o6gPwm/gbrI7x6C6x2n8ElHqORoy0rkVG87OI/Jx8p3QR/P/kafnjgBQy/txxG3lceMx+pjp0l3zYNQS7AXz+T89LKNoa7YhuEZi1GjAOWtnwKqkF27k+mp884/7PPPovp06frZ6dDvE7luXYbvB2H5FKe/IzgLw6JvE8p1UR1e+1T9bBKdHvbM2/hsOq36LbK8/h7nFierRH69S9dp+E8a2E6OMWJkuB/BqSKR/DnoOKsZbDqGC8zbyyAU6ohFj9eCx/c+QxqXHsn+t/1LLaKgZhB4LyHjjzv9BNj3YJYlEu3Cwf8HUMkU39WrFiBK6+8ElWrVtVVpZyCSObsk7Jly+oipGXLltlX5x/RI+SCo+DoX+B5ubOAR07gdDzreQIw0x95Ge/c+ADKXnkjnrriWjx86dWodOXNGHZPGWyWOuEUxpyuz86u0qy3JnLPptIb+xTRlDTTGIt8GEIpiCox+piuIbchQ4ZorJ8D7VxP4dRNXsnIM4TguBnwVH83V/I05zQRWTXBvmcb4tsHKqPrbU+g6c0P4e0bSqCzvP754WrY/cw7Ip/c6XcWebb6GJFDRwtcnsWdkuB/BmSMTcDuSCr8QyfBU8Z4/XnhAwL8kx+oirduvA/3X3IlLjnvfNS/vgTWPVXfBv/cgVc8e8q3QnDKXEQ9XqQzeVwhGIYDLg4z7EPPkyGe7t276yAvFx4xvQNDEZz5s2fPHvvq/COCQWTXPvg7DTXTL3MRetPphTo9sQX6SwNcTRrgDrc+in53PY1WAlh3/e8yPHrpNZgqgEXwV4812z2yM8d7CIKczusRbzW8cqMZrJTysYwFQY7sN23apHP6H3roIUyYMEFn/dCu+V1eSeW5+wD83b4QebbIlTzJHINKE5nOfawGql59G8pfdQtqXns3KkhDevtFl6H8lTfh14dfRirPzXZtTpz2vPx2nDxDS9fpbKoMeSbBP8+UBP8zIBqThnzWMMTwqSpnTop7Mt4gXeFGNzyIWtfdhdevvwd3CNBkgL8qe87XnYp9/b8Woz2ojdPpGH1uiHfNuDPtT37HYXr5HHBkWofy5cvjxRdfRJUqVVGpUiU0b94c69ev16RSeaHcPAWBIDhnOTxv9c6b/OwQxe+PvIKFj9fBvufeUc91zzMN8Ob19+HK8y7EkLuel16aOS/He8SxLnJioyJHAmZAeiJsjHUdyLF0Cssucf6RI/uZM2dqw0uvf8uWLQb4T1MPCK7B+SukN9nXyDOXjWmagD9fz3jkJfS9oyR+EaBf+2RdLHysljQCd+Lq8y+UxvVZ7C/VSM47td1kytOUwT/iZ0Rdli1PebZcaUeS4ikJ/mdANCauquWiHuu17qKgopgaF859I7C15NsYd38lLHmiDr6T7vETl10j4H8f1j5V1yi6nONwTtfnzNI1bjYA4XXbtEvsGEfGH98LE04z3mf/03NsQJE/nhvP+iffKbBw4VCUHM3CUfF0D+0/gPlz5mDihG8xZeJkLP1rIY7IZxG/H+mhsPIxHoMhkyjtOA4hXY7p/iBi3gCOWVk53ZL7CMd49PgQE0Dwj/wZnuodVQ45yycrU7YeAX9ngNIqRS/Tjm2Xaoaetz+FGy64GB/fVQqHFayOv0d2dlZwe0o3R1pZAasOQxHZsV+zhLKM6S4vjrnzl5kwMN1tYe1fizF+2JdY+vschI+myW/x907vN1WeY36B+5VOIo9cypNylOfn8aDI65A0mNq4agPbFH3uLIkbRZ6dbnsCO599G55c3DdTnmxYKM/PET2YouCvmXJVL5OUF0qC/xmQA37Bn+bCrfPIjeJnV9yTMcHBGFVz/PRQVTxx+bXqaa4X8Cd4KQiJsue2u21YjK1mVwR+W4iweP9R4Vg87zlkPtt5ANHt+xDbtk+PWZhZRLfuRWTTTkQ37kRs464szM+iG3doXpfI6s2IrNiE6EryRuVIPC//B5GFaxBeuNrwotWICPN1iO//WoXQ3L8RlkY0ko35GTk0aykCv8jzTPsrCwen/qkcIP84F4EfZsHbciC4OMgBm5xldGL2lDYhhlQBnP3PNUS9G+7F7RdegnH3VdD6zc1APtmpN7KnRjdd8R387ncEv/8dIfIPic8qz9af6OI1I8u8y5MD5Ueea4R9pRpi/dP10ODGEtLDvRyf3lNaGobGagM5XXcytur21MyqdGwM+Ccpr5QE/zMgBX/xeoMTZmp8OTceTHYuCPDXtBFcadrqE/h7jUZA2N/bZr4mvzcSvq7DNM2uv91n8LUblIW9bQch0OZTeBp+AG+DfrAavJ+FPfqZ8Ft94anXG543esFSfg/W68I8ynsm6nK/1hNWzW7w1OoSx11tltc1u8BdvZPmh+Eq3KzcHq6XhHlkltNKrbOwu1JLeCrKs1aUY3kB7bLG66QXrz2xPMgtgwX82RNIE/7t0Zfw6GVXo/LVt2P+Y7W1rnLbC3PqjWzpdY1g6SwXG0TpKCQ4U5fYiLIHpM91GvJc8/QbmPJgVYwv8QLa3PIY7r74clS/5g7MfbyG3FvOOQ3wd1XtgOiuA6ZnKsifBP+8UxL8z4CoeLFYFMHx0wX4qcBiMDko6sn4ePC/5ozBn0DD8rjKi7fG9LkVWsItAGlYXstnnvICnhUIoAZQmWk0nt2V2sJdWfgF6dGwV8PUvDmxfOeqSnDuYJJ7ZXB7XVylC6xe6qjpfb3VDVsZ3Ake+ZzfWdIAsDFw1+qWjbvCkqNVuxu8r/aAxYYknvWzHvDW6a6L3Dz1pLFhmSg7AlgO8jkVc7DWU6oJ/hEv9dVr78L9F12OL+4tj/3PNjT3zeGanDge/D1lmyPt9R7aUFp1pbGsJw1j/fcSn0WeLpEnG1LqY257PfE8pkRFVLjyBjx8yVUaPrvnoivR7/aSWPXU6zhKRyWHa07FrirtDfgX4JhWcack+J8BKfgfi0nX+HcNMyj45wGklXUQywwi/ije0eMa879XwV89WPmc350McOJBTl/znhUFxBuKl95ePHl69+0HZ7BPmBtqMI+91eNLeHoM18Uz8ezrxuNw+PqOhu+Dr+B7f4wu63c4wOP7wgO+QXDIRASGT0YwOw/7UY7Co6fpyufgd1k5JBz+Vo7yXXjafERmLhJenIXDM5cgMmMpQr8vQ2TRWkSXrc/KS9cjbL8Or9qEyIYd8Hb6XFeEqucfJ6cTsc7gsWVIT5TvOdWWM34IVJ1ueRwbpCEwg8LsUch5Nme/VzwT9Bmf5nmeml0RZvk37TahtM27Eduyp2CZv5GdczrvJBzdtEt1getXKE8+e07PmoXpzUsDynN5zVqR3c+i22NLVEaP259GqctvwO0XXoxutz+FTc+8ffz1OXBm/dh1WrurplIR7LfHtJKUV0qC/xmQAf90zTmiHizBxvb0sitvTuwpw96CzWIwkx6qhscvv04HfNc/JWCj4J8J7Cfi7OBP47De6oXwgpW6S1V6mhvpLk8mpwmnCls+HUyNBQJmUDWOY35RCmEO5halzTS4n4J/6ETNtZ9bL13BWXpgzLiaIjLngqQutzyBWwWgGt5QAmtYFzyP0xf1/Nz1xpzGh96yt9lHiHFlqpTvmOanLxpwxfIGvvwJbvbu5DlMLzXn53XYVYr6TL3m+Qyf2d9RN0XGcx6thecuvxFPXnYdpjxcLVcOU4aseQ957W/6IWL7j6gNJsH/9CgJ/mdADviHl6yDr9GHopxGMU8FCg4r+AvYKGCXaorJD1bBE5ddi7o626e+AJKc5xhOHpgGym0gufVjxlRPWofNfCsQpJ9rt9leCxDPzvxp55yiQixv6Oc/NSSUW/DXHExSZ0efb4x9zzRA+5sfw3UXXIi6Avx/P/0GjgiApZZurGMAnJeuDcAp6lm/4ziQ1J8lgOf7eIKZbSP2RZ0RqdolTmxSef66UMdwjDxzAf56XhN57iY4rLKT9+rImJ7T/lINUevaO3Hv/y7D+BIVj7s+J2ZDyg2QPGInlGmw/1jEjrpVlskB39OjJPifASlwCkd3HYKv39ei2KcGhXgm+BNQdj7bQFePji5RHg9feqUaxjzxjrY/9zYOCOjkdO3JmPH+wNe/IUrvXoCd0z2NkWSyyftDNp692E9Wluci+Be12RQEq+i6HfC2+FhkQcA5NVjR408tR1Bpjj53PIXL/ns+nrr0Gkwo8QLmPlILcx+tiTmP1cSyJ1/DXqkrBbdcgL/TI2PoJzh7mfam6EkXOXn+swveNoPU686NPNU7L8vpnVw3UROrnqyLfc81xNHSjXBYeMaj1fHs5dej5OXX6sK5HO+RnSnreHnOWISoT3qp1GHaYVERaAJREvzPgGgYjPlzPnuQSa+4F68oZ268TYc3Pv2WePr3COhfhTsuuhQXCfBwQVGJiy/DC1fdjK/vO7VnlBHbFq+IR0/1zggv+0fqMYJoelQBR9Emjll2coZ3n/3PbtjkK3MOH7gIkDZWwRC8n0yAiwPcNmDoOIgcnXGULCxySxWw8pRuiUcvvRrn/ftfuPi8C3CF1MMVF5yHq84/H5fJscLVNwtw1ZD7cJD+5PWsv8NGRY4W49OHUsxGO8qsALvACU5GnmF4h/yQIU/1/k8iT8onRcG/OWpfcztKXHQFXr3uHnS49Qk0vekhPHDx1bj2gv+h151PY5c0ptmvz4k5x5+/R2eJg/+RDdvV7phG3dFlo8fU7SIj3rNKSfA/A6KsdPtEUUDuFKWJr2zPyIBDDkCTjXeVbIAh9zyPzrc+rgOL5I5ked/3zmcxW3oAOV0XzwR/pzvM997+4xHedxgRAZnsO3sVd1JPMJqO4LyVmuPIw56TAAe9eksbguNnlzAmz+mMqdITmyue6k8PVsOPcTz5oZfw40PVMEd6ALufyR1Ymdw2LZBWqrEukuIitaJIKs+YyHPBGngaf5BNnvKcIrfsz+5ij/b5xtqjmiWNZf3r7sPj0qjedeEluO9/l6HMFTdh0F2lsKlkfe0hmZlyWe9xHEsjw/pxizwDA76Bp8Ng+L6ZgeiRNESlfKY3K84MdV6O0uFN0ikoCf5nQFS2qChdVBSOG1kHf5ytUykJJmR2T3NU5DgmcHOhy8HnGmmen0PSPT4kx4PCh4VTcjCu7EyvSIFNfs+q1QXh5esQi9ArMsZwLtkBPWsaf8Sy4P98IlwvtpFG2IQgdFBXOLv80piTSYCK0ztTBNxS2ROI4xSpn6PyeQpj1rmoU7IOHpdrBt/rPTUJGctVFMkJU0W8Xvi//FHk2dbIk894AnnqdFB66CLzFOH9otsbBOiXPlEHK558DdulAT1MvVY2PYXs98jOZiJDSzOtt9NQeKSXnfpiO4QHTdRFi1xvQ+yinJ3eQJJOTknwPwOigmk8XRQvsms/fB+Ph6s8k7sJEIuy5gb8qfj0ELmwSLvU4uGYbjUNw36dw3XxzARazKVilW8D/4QZiKSZdM46aCvgfy6hP59ZvUDWyT874O081AZsypTHHMDKBiDm8nGLx0qZxzOvYVZJE+5h/Z4arNKY+ljAKThvhWZ9LapglCFPAdTIpl3wctqnyFPlcgJ5sheVZg92qz6zJ8AQGPMiCbORdWSrU2Hp0We7R45csR38s5dqUjdulKPp019oKz3drxHZshtRdXhOP4nduUZJ8M8DUaH0zz5qPDQWVcXzfSRd0artoWkFRCFN3nNjIM68cHro2RXaeFFiCDQUB+x5nrAaRrbzlRWszDkGuOQeYkDeT75FZP9Rqb+YNkrnoufvdP218QuFEZi/Eu5mA7RXpPJXeVGGjqz5mmAkACQAZfG11kUmG5Az1+k1yuazrHXCI+8rr6u0RXDMzzrIGynCnmgWeXJsa+FquFt+ZORpy+84eYo+clYUez9OgjeeY8amDPCb804C+rYcHdm7K7WB7yuRpzeAWCCE0Jot8Lb+1IxDvNAa/u4jEJbPWOcZek87ddh+niRlUhL880AK9gqqBljp8Yc3bIfvgzFmXnnF1vC2/QyBybPh6TREp6apEosCcxeinEBDvSjh7J+fjNUo7EZDjaNMC3jfF+9nx37EIhzgTSq7QwSL4O9LYDXtL3IyAKWs3inlSE8+U7anx6wH3reF3FMa5CodYQ2fjFhKqq0zxac+Yj6R55zlsJqbBtWRJxvQeHkaHT0DFnmyJ6bjCi+2h3fIRN0TgWNYDLNGg2Hp2W2Dr+tweLjSvHIbWB0/l17BP4hK48DzNOkbj1IHrIckZaUk+OeBOPhllEqOArKhNVvh6zPaLIAR5fO+O8ysMnV7EFq7Bb5eo+Cq1FINQz2eHKZtnh7402OyAUcMwzfoB4R27de9TVl/SeTPJM6siblFyeet0DxGHmcltu2BMolbTjLOC2vvQI46cFy1DfyffIfw4RSkSw+M4w9aJ8WEVJ4ekeeCVTrBoUDkqfcTlobUW7Mb/EyHfSAFEQ7scuqyE4YSfY9s3aPOF/NAcZcvb6tPNEmg9hAU/A0nwf94SoJ/HohKR0WKRiIIrdigqRFcVZj7pi18PaXbuXaz7iKljUMwhPD2vQiMmgJvHS44YgzUdIGzKPppgL+CjBid981+CP0wG+EDR9XjV8OQ306qeSZpzJqgYQUQXr0ZvoHfaCI5hoDMwHwu480nYR0vKNMSlvTAPAxBfPodIvYuagZ4CmcD98IggqjOrhFwDa8T5+fTCSZBXz7Kk+yp1BZWSwHy3xYhnOLSXrb+rug4nTD16OU1nbDIzr3iAH0Hzyvvav4qT5MPddV91OUxdSDnHZNjUQ29FRQlwf8kpLpi/tM/jSVyy8Yl68XLH6qg76raDt6+oxFev1V3FtJFU1RMKqgoJqeiheau0Nw4nhqinGUZCqKC2+GHbOCf0V0WYzIelcP25wL6nrq94P3sW4SWrRevlhuEyG/SKMTBJNglVTyTaPCsD62TUBiRPQcRnPYnvF2GmUyiAlaUuQld0HM1r81ntsxtzjjPqQ8Oar4g9S9g4+0/Vr1OJnCz3uytOYa4BkRBSuqnuNBx8tx7CMFfF8DbbbjIkylOjpenkZ0dHqLcssvReU15Vm4Lb+MP4P/yJ4TXbEO6J2CDvgEoDbdKGTSU45RDGtrIngPwjZgCz6s91EasBn0RnDQbEU4F5TlynQmH2sccjCR745D9Pclca7ioUxL8T0Kmy0iPQZSMHBZl/2uNJkVjjJFdTd+H4xCmoXOgSc7JUC65nkdV0ID0AnYfQHDmMvgHfQNf4w91IRaV1CTKijcKOarRyGc6jU5eVxBlrtUFPvGE/MMmIzh/NUIHjmhDpANb+pv8Qf2XpOxkG6uKiEDi8SG8eRf8P8+H9/2x8LzdD56qHdVrVZDKaAQyWQcn5TOeQ4Bi+ghf52EIjvkV4eUbENkl9fvLAljiEHgqi/c/cLzqhAlRFJ+wj1K8POXZuJFOeMtuBNiofjAOHqb8rtZJtzXNBH3qs33UzxgGNY2s2pKANhPyBb6apvs/pB9N0w2CVKeVjW3Z/5T1C/1U7Izjb/uPIDB+Orz1e2s4yqrXC/7xUj8Hj2TYstojWa/NSvpMOTB3pTty5AgOHToEy7IywJLfFWVKgv9JyHhtolhSydxpKjxvJbxtPoVLjNslXiNjuxEBkWjIdPEpu3iiajj34DEaCCN64BAiKzbCP3U+AsN+hK/XaFjtBmlXVVMac/aC9AQ8tbvBaj9UM2gGR/6E4PSFiIgnFDksngx/T8rEga/sv5mkkxMNVuuEYQSvH5GdB7QnF5w0B6HBP8Dq8QV8rT+Fm+E89soqtYElPS1fs4/gk95eYMB4hMb8htDsv3XqYyzVIz081n8Mkd2HEGAosIwAXO0uiMp9tVcm9VRcifiXIU9fQBrBgyLPfxCcbOTp7fmF2ozVqL/2WHXfh7elcXjJ9LqYspuZYUN/LEeEmwYxxJPH7T1JrNco6+Bwiv62t+EHpgfwancERvyEqDhfJgQkdijlzcluHLB3OCzO3sqVK/H555/rlpjNmjVD3759dZtMt9ut5xRlSoL/ScjE+EUewSDCs5eZfDGVBJxrdoJ3yPeIbN0r3l1UlC6zhxBPBvxN45HRVRWm9xn1BxA74kJk236E1m1FaNkGBL6cIsraTb0Wf/+xCK/bjujOgwIwbk1ZwJWW/B2n68vBRE0VkKRcEw1WwcqRI2XKNBii6+mHUxHZssfsySxg5S7fQnsFoZ/nISoNtu5etu+wbm2oXr3eg0yAF/DzhxBasBquGp3hqtAC/neHIeq29JziSjnJM13wI16enIIZXroB4QVrEPqTO7mt016Tp6yAc+P+OnhsekkMkwlns6PcUPxkjFiKG8Ff/4LVfKDYUivtNfvFXsPb9khdRxHRskbtKzPJAX2HV61apXtQP/PMM6hevTpeffVVlCpVCpUrV8bkyZO1wSvKlAT/bEQodZjgSm8mMGsJrCYfwMNNUKhIwyeLx2imVRrFpwdugD07KdgLO8Bv3ktDoQroGA5j9ukIz/lbvKJ+4v23QWDsr+Zz+V7P57VyvnOd3ovv5ZikPJDKTWRu14GGZZQpW/mOjYG893UYLPXQEt52n+m2lqYOzLnxDbm5Tj6X66JSX5GjLviYV4ghjxfaIDR9iU4QkNPMz9tcbIgyOJE8+R0bA8pHWOWrnA7/xxPgLtcCVouPEPp7g31N5vV5Jb1Wf4d1InXh8kjvbLlOvdbNiap3lh7GOETWb0dE8I0NTfZ6YHkdJv716dMH9913H1q0aIH58+dj6dKl+PDDD/HII49oQ7Bv3z77yqJJxQb84yuOfDpEhXWMWpx5M0f8t4Ww3hFAFi/QqtMVgZFTdNAwFjHdeUfJle37xJOWxfzLPE/PdV5zARAVXhRuznLxNPvqLlqBcdO1QhzQkf/4T9i+jvfTvyTllTJkmMEqXpUm64Hs60jwbwWfgH9s+35b1jxX6kP/7GsctkGH4zCRtVs1vME5/1bTgYjsP6IeMX/LuX9xohPLM+47/tlfUIa+j8brCl3utxyWXpX5PvO6vFLW3zZ1EbME3Bau0U2LuBLYqtJep1+HVm82oTqew3PZaGRcb94fOHAA1apVwxNPPIHffvstAyA3btyIBg0a4PHHH8ecOXPsXy+aVKzAXyvR5rwSr6fnwFw9Ghe0/AhOWwBP/V7wUElf64HAmF8Q3S/d/qjjkZ+OmmYnltXci+BvEfwrt0UwA/zz4zeSlBeixP0E/wqtFfzTd+w3X5yEWE8Op3tFd0RX3OVaIq18SwS/naU9SB1sljplT/FcrlbKyDdgLFxlxa5afYzoqk32N/lH/A32nKP+IELSuPh6jNDtPdkI+N4dhtCyfzTUxFCRwxn1J683b96McuXKoXz58li0aFHGdy6XCx999BHuvvtujBkzxv61oknFCvw5Kn/48GEdmY/kYdDIqViN/8ZiCEuXMfzTPLhf7w532WZy7IngN9N1JyZ+b8I8+QPMjmfPe4Wlm+p5u08m+LNc9nlJKjw6U/Dn7mccYPQ27K8zW7gXLrduZK/ADP6f2/VKGXkLGPxpOzp+IHbKKdjhf7bD+8EYWNU6gvtXW60HIfTXKsS4a52cwzGb+Drcv38/Xn75ZTz44IOYMGGCgr7X68WePXvQr18/3HLLLRg0aJD9a0WTig34s9yzZ89G//79ldltyw1lVLj93NGjLvh/nAuLC0Y46+aNngh8NwsRbofIxkHOVZbzed2ZUjz4h35fCs+bveERDyX0zcwk+J8losw17JNH8HeOZKYfCPwseiT3YGoP39CJiHLgXtdj5I/uFFXisxeO558ZCWCYJ7JjH/wffwsXt1wt2wpWo/cRlt42w0OcKurUHZkzfRjzv+eee1CrVi18+eWXGDduHAYMGKADvjfddJO+LspUZME/vqLIBPsXXngBl19+OS688EIsX77cPvPExOsIsBq7J/AfOorA93/AermLTtez6vaGTxoCnd1hx2zlv4zr8sN8s4D/rKWw3uxlwH/CTP1M/rPPTFJhESXu6/CZAf/2uQN/h1hnZM4Ai7hdsLgDloCcq0YXBJf/o0nJFJTO4XqlfPwfjhXnSsC/9ScC/pvtb/KPKF2nLsjaE2C6jf2H4Rs2CVbNrnCVaw7vq+8hMH2RzqjLbABM/TC+37VrV5QtWxalS5dGxYoVUbVqVTz11FO4/fbbMXToUPNjRZSKBfizlf7ss89w2223aTeN4M+R+ewUfw2ZoK/dcHleDsoFvpkOt3QLrbIt4a7XC8FpfyFqBeR7nlswm24r8GvMH4gI+HsF/DnHPDBhlpZRv0hSoRIlruBfsU2ewd8h1S0Bm+CCVeJMdNJV3J5+X4meHdYVq+c8+H/wta7o9bb9FNE1W+xvCo4obe2xR6UXcCRNx+9cdXrAW6q5pvsI/TQX0biwrtNAHz16FAsXLsTEiRMxdepU/Pnnn+jevTvuv/9+/awoU5EHf1bWpk2bdErWm2++iYYNG+LKK6/EsmXL7DMzybmGLPUL3YSF3cG9BxH46hekVWsPD+d2v9UHwZlLEONiKjlHUycISBsVyl8ywG88/8isJTb4t9dBQn5eEL+ZpJMTJX5m4E/wsNd/iB15e4+Ep2JLpDG//5xliPmCOjvoXCXquu997nltg//awgB/sTQCOntkDN96fPBN/APuV3vqSuS0lzsg9M1vCHFCR9hM4Sb4x2MGsWbNmjWoX7++9gb4uihTkQZ/ltXj8aB169bq9S9ZsgSdOnVS8D+Z5y//mcoMRxDddQCBET/DU7mddPNbwNfAxAGjzNMv5+jsHyqCcEGYqwF+A/7hGYth1X9P00YEv/9dP6faJqlwKQv4c6rnaXj+nEfO7SSpP6H1WzV9AROfMbNodNteHRQ+V2uWul7o4C/Cph3T+4+K5FmGdMG44K8LtZevC/o40eLLKYjs3q97F6SlpSElJUVTOngtL3bt2oWBAwfi4YcfRocO0ljI9UWZijT4M9yzYMECXHHFFejZs6eWlzE6B/x5Tjw7Lbn8h3Tx+MM79iEwZBLcCvwt4WnUH5EFa+T5zSwBnbdN0LeVpiCMNR78Q9MXwVOP4N9RwP8P/f2C+dUknYyoIhkxf53nz0VexvOjzpH52tEr1alsZEKKZrUqJwr4P5+sG7y4RM9Ck+cg3eXN5lnaF54DxOdlosPCBH8SZaw2RZuWN07INzh/JayG/c3GMNLg+z/9FqGte/DtuPH49NNP8d133+H7779H+/bt8dBDD6FGjRr4+++/9R5FmYos+NP4OMj70ksv4d5779WpWfysS5cuuOqqqxT8+SwK3lrRtgfPEA7TwDIPOHffqtgWllR6oPGHmuOFgz6MyUZzWP5dEGQM3xi/A/4u8fw58KzgkAT/wicRuYJ/eQH/toM0aRl7mNu2bdNwInuYW7Zs0c+cRuBUxLQQVoN+cJdrLkAjvcs1WxV4TGoIo6PnCrHX4+/7FZjIUHtC67bZ3xQucUW2poWWXn7w7w2wmn2kO4alVWgFf+/RGNyyI55+8gncdvttuPW22/CQePxNmzbV+i8OdVZkwZ9zbsePH49LL70UI0eO1PfBYBCdO3fWnsBff/2VxUNTL54DbQL8NGYdcJJKZq4eT6tPEV61Vb63Y32M8xdSTNYAv/yW/CP4WwL+7pc6IfjD7CT4ny0SkceD/465i3T6MGd83HXXXTrT49lnn8WQIUN0XUluQIDxf47jWJxmWKY5fCOnIHwkxQagcwz8IwL+fUZrRk+m0YitPzvgn35MQE/krvYuOMHEct52g+CqLLhQtiVSWn2CLT/NwrJFi7FUGv1tW7cqzhAjk+B/Fmnv3r2acOmGG27QObhfffWVrrjjVKyLL74YPXr00Hn/jNmZyjJdPOZZ9/ccpcnTuHzfEuOOiPLRACOiABrekdc8FgZlgv8xhH75C9YbPeF5uTNCE+dog3UugULCkIg8Hvy/ePc9PPfcc7rop1u3bur9sbfJRoAZH3NTRzr4m+aGh1M/mW2yTneEF64SZ8ROEHcO1bOCf18D/l6R89kDf7Ev29ZNb18wYNd++N8drqFg5mfytxTHcNFaREPBDHskJ8H/LBJX2nHghV5+PHOa57///W9ccskleKFyZaxcuUIfjJUbWrtV0/LqvGsBfm7IEmUWR/leewZaofZrTbtQ8OQoE2d/BKcugOd1Af/qAv6TkuB/togid8DfK+C/YcZc/PPPPzrwx/qgbQwbNgzXX3893n777VytJtf4snia4TnL4Hmtp2796P9wHGK7D5pxgXOong34f4U0kYElco6eJfA3+ZjIxvZ19p9w9OBReD8Ya9J6l24KLyeBzF6O9GBY69/0FpLgf9aI5eNUK8bfHF68eDHeeustXHbZZRg1ehT+2bQBXr9XvPqIZg70MlNjBZNt0eo1SlO8RmJRWwkKB+yPIyqQMOd+hKYtgCXgzx2mgpNny8dJ8D8bRIk76R2Y1VNTd9vhQzV+sRHO+XayOzK3+6lIc8cwviw25es9WjzLNnC9JI38b4t0r4hzqZaPhSLw9RllPP/OnyMqvfFEII4HshfGCED4sAv+zyeJI8Z9B5rBXa83Aj//afaA0MYid2M9iUxFFvydctLrcpgxfg74crbPooV/IRqOajrd8KI18Lb+WDy55po3J/CBeFw79olBM7Wr3IeVeZYqUhWIoCKvwwr+PWzwnyMfJ8H/bBAlHg/+zmwfh6l7o0eP1rBPy5Yt9f2pyCwcYnhB9PFv6UW800/nl3vfHY7IPzvlvvaJ5wAdEw86E/yHIrZxp/3N2SUz3ifMEJA0ANFUF4Jjf4NVpwesMs11Y5jg+BlIT+UeDUYXijIVWfCPN0bHIMmDBw/W+OyatasF/MMIzV0Jb/OP4RGP31O1vdlce9cBe6YFu+J2hcvrs0GqQLYihcWzsF7rDk+Nzgj/NFc+S4L/2SBK/GTgz1k/jRs31rDjN998k6s6Ul0TUKHHGAsE4Bs6CVa1DnC/0A4B5nGy/PaZxZ8U/HuPFPBvajz/BAF/1hGxgI1AlBvLsAFI8yA0aS6s+r2RVk6cx9pd4R8xBdEjqUXeNosd+HP2BVf8eqUrzkRpVuMBcHFw96WO8IvBhZmLX54v81oCLK+1b1zIpGWQH+cx9NN8eMS74Ebv4Snz7bIlwb+wiSKPj/nHgz+ndzKbY4kSJdTrP3jwYK7qyMSJBVCEqaeRzTvhbSNOSdlm8DUfiMiyf8x9eCv9LXNdcSSCv7+37flz3C1hPH/WkY0LNp5oL8Dt1W1UrcYf6AY0nlc6GydyzyFzLitN66xoVVqRBX+HVPjC2qWmUbG19gUQ/mWBLtrylGutA6j+L38S4D8gzxbWB02UitLy2+XJBH/mGhHwtxUxSYVMIvL42T66Ilfqwe/36/TikiVLok6dOjrnP7fz/A0RJsy56eEQghNm6BaDnFvOnkCYuWVEF3RKcjGu92P+IHy9Rij4+7oMR2zTLvubs0vZJS5WaexT6oPpIEJz/4bV6hNpsFvBeqmTrlKObtkrdSUNuugBcaUoUbEBf128xQZAutTBKfPgfauP5umxanZB4OtfEdl3WIHfmVmRe4MtWNLyU2nk6IC/m4mm6Pknwf/skIg8O/gT+Bni4R6unPI5a9Ys3T/C0b+8Eq+JijPi6/GF/E5LeOv3RlB6qlxdrgu/BFCKKx0T58zX60ud8eTrKuC/ebf9TWKR1GxG/WoD4PUjvHgd/J2G6Zau7qrt4O8+EpF12zWkR2wpSlSMPH8Rvs+P0Pe/w6rfC1Y57tzfTbyr3xA9cERDPc7gLnsIieJZsexSGL5A8Me58NTuBnetrjrt03m2JBUyicjjwd9at0U9fi7yIvD/+uuvOu2TtnK6daRhoEhEF/Z53+yjCw59/cZorikCDRcgFVdS8H8vDvy3JCj4s47s+tXXUi9RbwChlZuk8RqpqSCsyu1EV4YisnSDYkxRoiIL/lIdxuhYKfKaW+f5v50O7xs9dPs87qEanPgHIoeOmsFdpwKFndheIpAqlu3hc4YPwZ/MLSSdMiepcIkijwf/qYO/VOBn5ljOJuOerswpRWaOl0OHDtlX5p5oZ2prh1LMZuYCIp463VUHmFSMnr/UvtEPFqgYqUF28I8mMPjHs5mxJU5mIKg7g/k+HAf3i23hqiQNd6tPEZq/CscEa+RsVaL4axORiiz4GxAX2OcgmuWFf+xvYjzcoKEZPPX6wP/jPISPpuqULTOIY67jQV8nSH1QMdgO8Xm4sMui5y8cUPA3nmWSCpcocYK/i95428/Qo15DXdHLfVvLlCmjG3szpxSZs35+//13c2EeiHamYBI1U5GtpgPUafF2Gobwhh3yXdZ1BcVJD45ZPvh6CPhztk/3LxDdusf+JnGJ0pfayKiTY8wIvG0vvEO+h6dae+m5tYTV+EOEZy5BetCk7I7YoeiMaxKsDosu+ItQNftmiguB0VPhrmlvu9igr3rNEfmcCZu0pdYKsC9MMJKiZYL/xNmwanWFu46A/y9J8D9bJNpiPH+uAm83CLNHf6MpRJjLJztzaz+u/s0rsV6pw2pvaR74qMPcT6J6JwRGTdX4Mr8z50gjUYz0IN3tzQR/OUa37rO/KVpEL5/pnzn108VtX8s217FGjjlGpYGLRk39JcE/n0m3ZDt4FP6RP8NdvbPZdrFBP4RmLEJUt13ktDoCf2YFJCJJ0TLAn2mcuasQB32Dv/6VBP+zRBngL54/wd+3YbvG+DnNMzsz0RcXF+aVzPRiG9hj6Qiv3QpvR/lN6bl6m32E0LINmpJEVwbznGKkB/Hgz2NsWxEFf6kTbgYVPXAUgXG/aa89TRxQ6zXu+/07wkfTdBaQE9bVMK78JQoVPfAX2R0j8O85iMCwyTp/3/V8C+1ycV5/zCstrh3qcWL7mqwtQW2HSuEoBhWG0zyt13og9NvCJPifJaLEM8I+OSzyimfaC495JYI/9dI0APJa9JYpPTyc+lmlHXwDJyCcapnJCeTT+I1EpXS3BV/3L+BW8B9RhMHfXhXMCIQAPXvunrq94C7NxWDSe/9qKqL7j2gmYeoIJ5ycjq4UFBUJ8Ke8qPxk7r4V2bEfgc++h6dqB03S5mk6AOG5qxDzB9SgtELkyOvUQPnavlfCkV0+An3w+1m6wMsBf2cKaJIKlyhx4/m31m0cmQqEenQyzjtJnQub69kQpCMiIBjoMwaeci3gfrMPAnNXmCmE1GfqQjGhdOmZM9av4N9TwF8a16JKTv1rA20JmP7yFzzct4EhoJc7wz/sR8WrdN0SVhoJqWcHy9jwy+E4cu6prH8GBpzP8ouKCPjbwg2FEd6yB95PvxXvqC3SaJwtP0XgLwF+ClfO4xwJCrXIECvUzFdC8DsD/p4k+J9VosRNzP/0N3DPK1HHY0HR79+XwftGL7gqt4ElXnHk4FEFjWIF/qkeeLsN17CPv9fI09omMyGJdRgIIDR7KbzikHLXNo7jBD75FpFNu3SWEOtSt4bluQr+We2b7zIbBnPMbCzyt+eQ8OCvAqCwgkHN/ucf8A1cOr2qNay2n+nuWzHpVlE42o0W8eWngAqaWFYttTxjYMIMuF/prJk9w9MX5XtlJyl3RImfDfBX29t/GP4hE6XXIeBfuyuCP3HqZ0T1u7hQeqobPgf8ewv47zxgf1P0Sb17JppcsBpWu0/hqdwKnhfawtd/LMJrtyDq82f0ANijy27ffEe8y2A5xyz6Iw4azi9KaPBXYOQDB0KIrNsK/wdjYFVuC7cI09tpKKLL/tEZPSogWzD6l48CKmgyz2iD//jpmtHTeuM93cydz1WUnqW4ECVe2OBP3SUY0JEJLd8AT8P+4KbivpYfI7LjgIJFcaH0lEzw9/UeVczAX/BTvHVO4Y38vVFzF7lfbIe0Sm3g7TkCQcGsiNdnGgAbt5Ro62zkLfnuaBpi4gTE9hzUsc3YHql/jh2I3JgA8JjoiACDUVSbTgclEhL8FfDJUpaYP4jwqi0mB3qlVrBEkFaX4Qiv3gLuBWqA34BkPBcZ0vIaJQgK+HOqn4L/zCUZswSSVLhEiRc2+PNH2XPlAG9UjDwwXnqBldvA81IHBEb9gojYozo3jq6LbmSneP139Canz842HUtx6eKu4gj+Wkd2qIZh29D6bQj0HAm31KNmie04FAHpFUQ9XqQLzsZ8QcQOpiC6YSfCf65E6Me5CI6aqonj/B+OR0DY338cAoO+R3DMrwhO/RMR7iy2ZTfSj6TpBjMGA+3fVLYLcwpKSPDnQ6gX5A/oJixW9xFmZ/2q7eHtMQJhESjLSUokpT4tkqKz/HzmkIC/JeDvqUvwX2o/W/Hx+IoKUZvOSthHWAcEozFENuyCt82nmkeeixZDG7nwS76zQwbcGCY7ObbAKaj79u3DgQMHNCeR8zk5EYig5e06zIB/39G6m1lxJdZZZNseeAXAmQ1U8zi1/BShWUt1z2DOUPQLsHubD4Sr1rvi4LY2m8fEMRPgucrI69LCL4pDUKc7rLafIjByCkILVyG695A0IgGd/s7fyy1mJBT4OwrKMmgSpSXrdbMHrp5zV+sA/3ujEN68y37ATEVOFKU+HWLR9ZmFQ+N+g+fljmLsvRCetUw/T4J/4RO1qfA9f+q90X2N9Ur3PvjrQunpij5UbgvfgPE6mKhOkagEExlmJ+oLk81NmzYNHTp0QJ8+fTT9BO9pdCkx7CT9SKqA/1Ab/L8q1uCvdRmVBmDvYQQHfQd3jU5wcxOfN3rD22SArlHi4lRuF0l5ZAd+siWgrw0A37MBkHM9wu4yzF/WA76PxiE8929pBA4jGuRew7lLCpiQ4B/xieIvXK0baXDE3PVyB/g+GIvo9n2mYRDtj1fkRFHq0yHnmWn4oa9/0e6hp15vnfVhuvhJ8C9sOhvgL1pg64EN/vI6svuQ9nRdZVvAeuVdRJas08WLZq9Z0Q37Wod47fLlyzX9xAUXXKA7jY0aNUo/d/QsEejYYQH/Ljb49xPw31Ocwd8klKRXHtmyG1anwXBxKi/BvnQTA+QZQN/cgHvGe8NcOMbP00RephFoLq95rvQKuaaA50mvwjdwvCadi3FcQOr8VHTG4O8olSpWxmt+Yb7L+Mx8ZL+3j/zTN+ZcVXrpvoTmrdLdt9zcOad6RwQ+niAKYjZOMPts5iWHemKTykaf/RiCX/+qPRxPfQH/P5bL5wYInHMczk4n+jxJOZMjL8KnvnaOlCH/yVHBn1OJdZHX/ozv49m5Xv7LuG/8MS/EK+Rueq3D3Ns3sng1XOIdWgwXdByqg4W68CsWvyGRYYZ73n33XU07TeC/7bbbMHLkyMQD/0MC/u8K+JcR8H+f4J/3xHiJStQJ/ecwe3ME/sNHpWc/Hd5X3xOwbiHAL567Df4E9DSRhev5JtIQHO/9ewT42UCklTWvzWc8z+4tyGd6FLy0mg3QLAcxl0cbAK3yE9T7GYE/lclkupMHtI/OcnS9j3joXN3GBQ7pgTDS/SHlKOe7imLz8yi/53nSNYr6AwjOXqardT1cvPWyAP/g73XkO1EUN7+Jj0Xgp9IExfPnAB/BP6TgL5/nAfzJlHuSTkwUn9FTxkedleCie9Rb0Xtdri+6zx28XBUFcFt/ooNx3H1KZ2MwrsqFV0zaxaNcl5s6yis55YwdToP30+/FHsTLq9wOgVlLcCwiYJJuDNb5Pb6ePn06nn32WXTt2hWvv/56BvjnR3nyk9IPpMDHWTACWJzBF9t72P6m6JNGJYQjrBfioLyOsrFjHb7EzeCzgbvjuecDa4MiR+uNngj+8DtibifteM6YcNrgH690NCB2RaM0iIj8GI1EPJTI/kOIrNmM8LzlCEyarZshh8fPQGC8HH+ci/CC1Qiv26b59iNul26V5n2zr7RwLZAm3k7gix8RY0pmCjTBFDg/ScFfOPiVgH/VDrDeFPCfkxX8jZxzlsOpvk9SnL4KR3kUnWIvUpMDcsaEGEp0516EV/6D4B9L4JY6SCvHPC09EBjyg+4MF1q8VsecoodT1VGJSkPBxoD3ce7v8JmSllUaJzpHkY07NGMtPTvfm+8jluZWm4iv86NHjyrgV6hQAfPnz9eYf+KC/xH4On+u3qq//xik7ytG4C/14bDiIvMYffwdLLFrD0M12QA7v8CfwO+AP9lbpxtC381CxO/TRignOi3wdxTcKKgxpJh0Q7mLVnTnfgSnzIev2wh4X5cuTpW28DDZUakmsFhA6d6wu8NuS1qZ5nC92F5j3P4OQ2DV7I40PshL4vGP+QXRFFeGIBNNgfOL+FSsGz4fp3h5qrSH962+iMxbob2B2DEBAKkPspH38a04P2csOEKv1T4vSVmJMnFYp1SKvGKi3+EN23WnN3/LQQKwPeEq30qMVHqdGlNtCq/GWqV7LkClaRekN2o1/AD+gRMQWrBCGgLuFxGxu9hG7vkif7mH6VlIeQVAAuNmiFMk3fpyLRGYMF1XuzvAz7pn1tGHHnoIX3zxhYZ/OnbsmLDgzznr3k5DFPx9/b9GrBiBP+vEAf6wNNzBr36Ft1pHwbsmSCP+FZDnHw/8xFaOJ7je6oXQ70tU13PSgTyBv96A/wj4tkeq4EwvaP023SDd84YAPmP1AvgmjmUK5SLQa8GkgKXkvRaU34lhyXnOoAaF5O00GOG//9HFXeqhUZj8bfld/mYOz1Fkic/DZ2PXLAv4z12BiIDK5i2bMHr0aEyePNl+9px5y5YtGDp0qOaWZwbKJGWSIyPVI+qrR3qlS9bD6vUVrJc6G4MRXUwp01j10UWdZBxVdZbOijEuvlamXst37spSVy0+QWDybO296kpM1VVjG/pn/3ZeiVeoU8DyimMV239UvP6+8rviOL3UCdF9B00ISu69Y8dOlH7+efX8169fr7+XHfxPpwwFRekC/r4s4H/E/qbok+qX6EFIOLjkH7hqd5FG2+hNxuBsPBMPs3+mnxu9y3gtR25+Q+c4y3nZWMcPVEdFh8uK0912ECLbuc8wdVIKqLpgyppn8OdNHG+c54W37ZFu8WR4Xu2JtAqtjFFkK1Ceubx4WPXeg1/AMLr7oHo2jLEyLqspHGgVxYRMfUiFyLMFmJ76Rekpvd0H+ybOxFcC+k8++SQuuugiVKlSxZyXjQn0I0aMwMMPP4xLLrkETZs2xZ49ib85RmERZaSTBOhFB4KIrN4Cr4A+Z1VZYhxnrK9lRVdfaAurcX+Efppnx1lZn/xd0VtbZ8+UjomnHxEvznGq/J98h6jlV6+uU6dOeFC8/qnTpqnd8pkd8Kdu0KYdfUkEoqevnr88C6ewph84an9T9EnrXuqE45mci8+04DnqzUmYDjL10iNOMt87DghnA1mlTENwKtZr2OBIr4PpQjRESZ20x7lIeQd/W5GiwRCCc/6Gt5V0lyub0I569fnQjVHvigNcL7ZXDyG0aDUiQVF++W0aMstQXIj2qIYpFRIYQfBvh1UVGqLlc5Xw4MMP4dHHHsV1112HihUrmvPi6oB19Oqrr+LOO+/E8+L5XXzxxWjYsCF2707MbfEKkzJkJawAfNSF4KQ5cNfvbQxSPCMTzhHwzkEH88I6/a5cC1gvd4Ln/TGI7NyvjgrHwWhoDN2dMfE5Ut2w2g+GJb+XJj3EyOpN2LF5Mx577DHcduutqFevHtq2bav8xBNP4LLLLlO9YUiIi74oj0QgDvD6OtLzbwb/RwT/FPubok+qb+Igh+evUuDNSV9OxfTuqZsMk28v9Tba3PwoXrr2dowoUR6HSjXM8Zrjmb0N0XE6N43EMdm4QxcG6v4Cth6cFvin+/2616j1Vj/x0untM2zD7jJbmzMHf8asPOx+s3tdqSWsJh8gNH2hJndzeh3FhRyQIvj7v5yinv+SUvUw4LWG+Obbb3XjcO4dmxP4B0UeNWvW1JDQL7/8gptuuikJ/jbFyyoinqZfGlbuleASbz8ztCN6mw/6auZnt1BP1vNiG/jafqK5qHSKH8shBpcfFAtLT/vvf+Cp1E5Dpd7uX2LzkmWo9mIVPPTgg3ji8cfx1FNPKV9//fU615/ef4sWLbBx40aVRyJQbO+hOPD/BukHiw/4E5s4Ddfbc6TJ6nmcrpycTdiGvbsmOPRcIwy553lc9t8LcMF5F6D+9fdjz7O5A3+DxU2k9yBYWr0z/ON+UYzRBsDWg1OCv8BMnCFJqyYef2DS7/DW66mxfcah2CVhYdkddeahHl8QYTt2RWNRbynLZ3Ecfw957eKG7A366e5W0TDzYmupjDLLP+dhiiI5AKVhHwF/zwvtcERke3DaPHgsj8bwH3jggSzg7zCv27t3r9bTkiVLcKt4f+c6+BvZGJ0g6y5Lw39Sr5whE6OvJv5K4I/XQ9NzzdQ7HjP02T6a8w3r58q8nnO0TUOSRoelxUCdIpqfzgrvE5W69n4wFlZZsYnK7WH9ugAbV6zCqtUrsXr1KuHVym+++SZuuOEG9OzZE9u3b9eVv5RNIhDn9fs6GPD3CfjHxPOPL5uj385n8e9P9HmikIJ/mgfuV7qIPsTryIk5frDWGVtKEV765Bt4+JJrUPmqW3De//0fal13N3Y991aWa0/OtpMjvVKf9Bhj4bDOdHPkdUrwV6CVkzXeHk1HaMZSBWJLgZ83z+lHs7JjcHztkW5IZpzVLlzcuTkyr5cGwGr2EcIL12j8lg0R82KzJcsv4zobxGpwFDj4xU+a/tVq+L5Og2VLPXv2bAX/SpUqmQtOQMuWLUuCvxDHpFQ3yC4L/m9+g5u7Y1HvRJdO7JzQgRFW4+O5hp2erM5Uow47jQAbEvt6w3EGLN+lVmqFQNvBCB85qutd8oOixzitVHoyW3bBqtFdB/Q8rT5BcPsehMIhRMRuOeOL3L59e/X6GfLhmJmjY4lATOfg7TBY5cdZU0xsxjIyFxHXKsycOVN7tU6ZHVYnyX69bds2/PDDD5rKgtNcE4UYVomu2oQUceLMQqx4HcmZs4M/sXJHyQZofctDuP3Cy/HLwy/jvH//G7WvvQs7SzXIcm1u2eIkEuYAsuVIOrXnL+81jiVKF9q8G95W9iCGDfzGQHL+wQwWg9Eusb5nSEcMSXsJtkFlPz8bG+NsAqtia/i6fCEPcUAA34A+DZ1ec5ElsUdVaPkLDv9RuvRtYDUS8P9rjX4+e04S/PNCzoQEDnAxaZa3wfs5AHU2Fh2kLqZwhsTzjeW16LTqrNFt6h9ZpyGrLvI7w1nuk4WbS122hmfYD0gPBO3SnRmpLdLxCQfhG/kzXC+0hlWhDYLf/66bwGtvR20iXWeINWrUSHuOfO+AZiJQdOeBTPD/eALc23Zjzpw5aNy4seo6Zy0R0J0yk53nInOSA3s299xzj4ZEFy9enDDPFhPsDE77E2kV2+SgE7njQ6UaYepDL+Peiy5H65sfxp7nGuI//yH4343dz5we+Hte74HI8g0iP/aIcwn+NCQFWnnP7HOciqgGQOCWm57UqGzm4MURaSy2lHwT65+qhz0l39HegBpVLsCfjQWngGqD8Upn+L+eJmU0i2uK/OwfFp0NmFSI7kksDZzV+APp4axVhU56/nkj9fzF+4pt24tAz1HqqGQANjkHfcvw0OR4sFRDrHqyLv549BXMe6wWNjz9Jo6WYkjTXO+ceyrwp36r3lZ/F5EVG0wO9jMkA+6iKzHx8Pcc1PUGnrIt4ZaeuI4xyG84QHnw4EFs3boVaWlp+t4B0USg6I798Lb/TOtlX7fPMfKDgahcubIOUlOHy5Urh0OHTDqXeHaeY+zYsTrJgWNcHNf4448/7DuffeKaD+ITk1HmBhuzM69Z+3Q9vCFA/8Sl12LZE69KY9AY/xXwrymf7ZSGIKfrTsZajjrdEJmzQqMJuQd/elLsaq7fBoszJcq2yDQCYcewcmJ2sWk4Sx6vgx43P4aaV9+OalfchjevvQcj7iqLnSXflm72qcM+/A0nqZGnTAt4mvRHZDu9f3oCohhFHPyNcgv4DxXwF2+R4B9atFaNffbsPzJi/g45xhD/Ogn+hhQgubhm0lxYdbqrjmbokrzOKeyjC3BEvzaVfAs9bn8CL4qelr/qZjx/xY2oec3dGFGiHLaJ45Kp88ag1KhOxKrX/L2W8PYZhXSPT9t5qSzDp0F8NjVe6r04P8HJ83Tzn7TyLRASxyF2yMTOzTlGL7JzIhC3bfS2G6R2vbF1fwzo2BXdunXDsGHDdIXyycCfs5aYu6hWrVooX748Lr300oQC/3TpcXLjdnd5jinlQk+EKQfnnD3PvoPh95ZDiYsvx0d3P4fUUuKQlG6k4F/nmrsywP9kuJsTc4V4aM7fGiXhH+mU4O90o/2MR4vXzxtlPsyJC6CevRjA6ifqotZVt+OO8y5CzStvQ/1rSuCh/12Bu8+/FIPufBZ75WFzuj6eswiQBly9M4LfzdaYvxRNC15UySg2PRqR8dBJBvw5u0k8fxrwHwL+999/f44DvmQ+O4/Zwd/5/lwjPrPmUuklXn/5lhlgfzIDZDjykBhY91ufxB0XXooGNz6AD+4qiXdvewJPXnYdnrjsavz4UBUcEQ8siy6elB3baK7J+nQPVwFsrevT1FfTeJgjqzZ2JBUWZ81UbGW2/vxrtcmZxRkdNvgnIqVvJ/jT82+Gw31GYMuSv7Fr1y5NP12jRg0F/8OHs6765bNwLKNfv37q9XN2G6e2cjprYoG/YOcPf8BVgcnbzDjTycODZAP+qXJc8FhtVLjyZuGbsPKpejj8XGMN9Zz373+h1rV3YqM4IWZcwNbDHJyZ41nOf60bwovWiRxjiumkU4I/FZUbBXgaf2gWtOR483im0svDSKF2Pfs2PrvzeVz17wvwmnj7Cx6rib8ffw1j762I6+SzR/93uXSx38ilMRnWB7d3xOHotei5DoQVVRITNYAgz+D/fKIaskfA3zd/Bfw+P3777TeUKFFCvRxuzMFZGxwcc0Cf9cTPFyxYgFtuuQVvvfUWNm/erANmrMdzrQHg84YXr4fVqH+GYZwyRCPf7Rcju+uiS1Hioivx12N1sOuZt7HlmTe1AbjpgovR/65nsOu5d2xddYD91Ex9JQcmzjG7Nkld0/jyo1Zom+G5y7WHw3UG3ve/1jUGpkds9CMRKbZtn0mcJ/IJfPYd0lNc+vmaNWt06jJ1PTv4U5dXrFihcf6WLVtqz4BjGpdffnmChX2kRzZ/JawKYscE/1PonrIN5vvFq//y3jK4+rzzUery69H9tqfQ7Y4n0fXWx/Gff/0bD15yJTrc+hgWPl4bh0s1Mbqlk2ZOrY9W3V6IbBanMF0cEHEMSLny/KNb9+gc6ZxumiPbCr/iydfw0hW34Yb/XIg/Hq1lPpeCHnmukYZ/Lvq/f2PqAy+JR5WLGT/xXKY5rDd6IXqQS+o58FtMwH/w9+IxtMLWGu0wqev7+PjjT3TFLhd53X333fL+Y83d4izhZz0NHz4cn3zyCdq0aYMrrrhC53h3794dgwcP1pQPPO9cagA4BhT4bhasml1U1zRWf0oDbIoDzzbGVRdcgBL/uxJrn6qLVNHVlNKN0eP2J3HDhRfjk7ue04E37XkK53yfE7NfeiLRVHtQNp/qg/eJcUZTv7HwvNgObrFRToeOec1EjYQF/617Ne2AAf/vcSzFrZ+fCPz5HC6XS3u1dITYyw2L48cB4kTz/NnwcjyGUZJcgT91ydapfc++g1ElyuGxS68R8L8Bla+4BWWvuhnlrroB/xbwv/6C/+H5K2/ETw9Wwf5Sjcy1zzMlySn0UZx2b5OPNMmchn1svcgF+MfEu1ihG6rkNs7EbjTBf/5jtXDf+ZfhkQuv0EELPqCJ3TfFe7c+hYv/378x+M7SuQr9ZGdPza4Ir9yoheYMiKJKDjhr2EfBvyXWVG6C3q/URe06dfDyyy9rN5hhn9q1a6vCz5s3T69hN7hBgwaoI+dVr14dZcuWxQsvvKAGxC7x0qVmK8hziehZ+wdNgPuFNqpnyjTAHHQong+LQ1L3+ntw1X8vwLviXf35eC1MebAanhcP7Lkrrsevj7ykjYGTgz2ne5yIOb3Z26AfYodT1FnRkIxd3jMhrhym7oeXb4TV4AMxcvmdd4cismGHDnonat0T/L1tP9W6CYjOc2NylvVE4E8smjp1qjpBH330EbxeATE5n7aQaJ6/4pGU19NsAFzlW+bK8XD06Yjo15qn62LiA1UwSfinB6vK6xfx7f2V8e///Aelr7gBX5eoiI0l6+Ooo4Mn0MV4ffdUaYfAx99qKhDVP1svTgn+VLDQpLlwVWsrgJ71B07EzuKG2Y/UwM3//R8qXHKjgr5ODy1jHvaLu8vi0v/3H/S89QnskC529nucirnROXP/09hz2s+0yJBUhPEGBbQ++0E9//31umHl6O8xd+48zJ03V45zFfDJixYt0pkcVH7W1cKFCzO+i2eGgY4cOZKwAFBQRJl4e4/S9CCOrpwK+Lk4i57+/MdqospVt+GWCy7By9fcgWcuuwGPixc27J4y2P7sW3If08Um53Sf7EwHSF+L3VBfuS+FzpyTKsmPWomlR/V+UX8Q/uFT4HmpI1xVOyIwYZamfaYsWP/xnAgU3bJH9yfOCfzjY/5OmVNTUzW3FXu2X3/9ta4DIOBXrVpVU5oMHDgQa9eu1SmgzjXks0GUOb3/0LezNKOx0RfqAOP/1IcT646jp1n1tak4Jk10qudrnOf/bIMs359It83n0qMQtuq9h8ifK6VcdrhYdIaUC/BPR3DC77Be5IPkYk6/sLPSkdPlbj7vQrx05W0ZHj8LxNdf310el/zrPLx7y6PY/kxeVq3ZD/ZyJ4SmLxIjynyYIklSdO2+q8cqnj93bGo+ANFlJrTDvyTlnqi/vu5fqq4p+ObGYRHD9JRqjs3P1Efbmx/FNRdchPsuuRLXXnABnrzseoy4t5w4KG/pKnZNOZLTPY5j8/uGxSaqtNeEZmYg1i7sGRI3pHG2dAxv3Alv60G6GNLbYiAiy/5BOo1afszhswWI2SnK9UJtPlE5cq+EmIA/6y0e/BnT52dkNgR33HGH7k724osvakNA5hjX+eefr6HOXr166Urmswn8JMVP1smeA9rbS2OGY9UHB/yz68mp+ehzjVH+ypvQ67ansDcXuX04ycFMdBDwr9QG3vdGaHp8J6kbdYF0SvBnLJpTygj+zmrHU7L8MBV+9mM1cON/L0Sly2+2PX8ajhzFgMbcVQ4X/+u/6H7r43ny/B2Dcld/F+HZzlaHRRcgWXRjnAL+n3yn+7V6Wwj4L//HVuKi+2xngxjT9Innzy3vFHTVCE7OXIfCwbYedzyJhy6+WsM/o+4rh063PSqe/7V47vLr8M39lbBXB3xzZ8Cqoxmv5fhKF0T3H1VHJb/AieMb9PypP7FIGIHv/oBVq5suhgwO5dTPVPMdXSQ5Jgz4b9oFq/XHigmc5BA5mqZ4w9k+TviSaUsY1ycWcX+Cvn37okePHhnMcS0mtLvwwgs1xDlu3LiM5HUOnw2iHWvvLhZB4JsZcL3cUdOKmGhILvEzG6eWaoJ5j9fCuqfqI0Vj/Dmfl8HUN3KZFrDefh/BeX9Lg8ReoukJOnh5avCX96G5f8P9Untzw5x+LDvbPz7v0Zq45b//w+MXXS0PIEag35muyMDbn8XF//cffHrnczq3Ncf7xHGmF8VGRD5jzH/VJn0Q52GKIjmVQbn7P/5OK4zgH/l7g1HgIvxsZ4PoDPgGfaurX3PSo5w4pXQjXdB1+fkXoOrVt2HVk68jrVRjBfuh95XFnRddhteuuxtLnqxjnJgc7nE8x53HnkXD/joF1Xj++VOnvI/OHmIDIPoT2cMN37+Ep0IrMfo+uhUoUwvrOexDJoguRTcK+Lcy4J/y0VismrdAY/pDhgxByZIldVMaJjRkeIeTFvhsnL3GWW3EJOfI8S4O+P7666+KV84sOPLZelbHGdVd2A6nwN99BNyVxXHWdR/x+pEHFv3RDLSCexo2z+mcOGaEhnmrPK+8i8CXPyPq4QQA6grLZfCGdErw54BvZNseuGu9m+MP5cQaHpKCLn68Nh676Crc9t+LsOmpt5HKFboC3hw4e/Pae3HJ//sPfnrAzJ/O6T4ZbDcmnAerjQdn+9TthdjBo8bzkTIXVaKSsjLYyHJQhjOZvC0+Qpjgz+eyKypJuSMaH9MdWLW7qsflDPaeLFTDyQhf3lsB//r3f/Dh3U/jwHONRFeNsa1/+k08c9lNOtjGMKYzwHaqe2ovV8e3zK5g/j5fIebM9tEGwC7wGRB1J5656Utg+iLdA5qLjHzvf43oLhM+0bGx/PjRfKCYgL/XBv+t3Qbjgy7ddQV7mTJl8Mgjjyj4c9CXExwmTJhw3HM63KVLFzz44IM67pX9u7NG8tsEWacc4VWb4W47CO5KZqW59hwFzHMzBuAwQ5IMOVIfc5pppvelvpH1vXxerSO8/ccivHOfJnMTldPyqP4Jk3IB/qI4wRC8TQaYHbrifvSEzAej4ZR8Aw2vLYEr/+88fHRbKWx+tj52P/MW/nysBu48/xKUOP8KrHzidVPYk7Hci/fTXWz48BVbwdt5mK6mI/hz7mpRJadCFPwHTlCwolcUWbFJPzurilwEieAfWbZB9PVDOz4vbDcCOeqWMKcaTxYn5H//OR/1b7xHnJZXsblkfWx6uj6+ffBFPHTxNah+7R1Y8lht1VXdfvQU9yTgp5WlwbbQWTiBH+cg5g0o8Cv42+XNTyLARw+nwT/wG53t5K7THYHJcxH1h9S4HaM/2xT9ZweslgO1bg59+BX+mj4L33zzzXE8adIkHcjNyQb4GSdCMIcRQ0SJSsyOEP5rldo0F3CqPop+EM/M61OD/6k58z7USU+1DuJsjEZI5Kx7oJyg3k8J/hSyhn5GTYO7artsP5oTSyHsFuhAqYZiVNVwx/mX4vbzLka3mx7Dh3eUQtnLbsQ1Ymgf3vIcdj176kRFKixhxm/5kJZ0Z4I/zRXgj+FYlOBZlMHfKDJBixtbsPK8rT9BdOVmbXiT4J83oqJz4xaveNpputfEqYGaOrWj5Jsof+XNuP1/l6LOdXfr4q52Nz+Kkpdfh0cuuQqjSpTH/mffNo6IAPup7pnKI3u6XIxTvSMi2/eIs2KHJVjfdnnzk/TZxSZCCwVsmnFRpuhS56EIi6etq34TRJdiAkrelh+p3ANfTEa6x0zdzIkpLx6z06m+TxTSuhY8DSxZq7uXcdqljgEIRjqzIs+cjYPDwX6Gerg7WnjDLkRinBAg8hHOiXLh+VPAorSb98B6k7l9TuX9swWix2Naoj3PNMAXd5XBc5dch5vPvwC3/MeMAfS49UnseLqBeFG5WKSgbBqVNO6Y1HQAonsPa3oH0faEUerTIUeJpYaygH+E4J/gip2IpIAgOhGYPAcu8Xw1vwqB+jh9ymQ6Famlm2DVU3XR87anUPWaO1D28htR8cpb8Ob19+OH+18041I6x5/X2OCfw70cZq+DG2lwL1XfB2PF6/caIKAt8WiXNz/J2KrYr9cH76gpSBNnzfNyR90bOuozvY5E0Kfo+u0a2iT4+23wz06OXTicnZzPEx/8BZ9E7hyPCG+SRo+9sjo9YIlj4oQlc9KfU7GOfdpHDS9WbgOrfl/4v/4Vkf2cVcbfFV0QfWMYKic6NfhLwQmyTFUaGDYJ7pfM1mTqjdsFyMqmMKr8NBQxmJRSjbH56bfx52O1dOGXWUHJBTM859ShJCqJy55jbVV/F/4J0wXzbQ+KCpDAlX8qcpRYPX9psfUZCf6rtqjiJLJiJwKJ5DJlKO+pFzF/UCcpeBv1t7vXjh7xeLzOqi5zb1SuQxGdZG908zNvYnvJt3C4VCPx4m1nRu5lYq7Ux6z3yLhPxne0ATn/pQ6IiKfLrJ5iSoIGBVenaqu0XzmG1m2Dp9NQKUMLeJsNQHjZBg1BUM808Zstt7NBsXWZ4B/44kekW1l3DCRl1KnN2elU3ycKsWxOA6D1k+pG4NeF8LaXXgDXZYgzq3ojemX2kjD66eiScXpFn1SP+drgqr6mI16pFTy1u8LfexTCi9dIw+/X39F65u+eRD65Bv/osSiiTCPbZhCscq21oMYLOjWrlxTHOZ1zahbBVG4Ff5fhSD+aahe/6JOjvOxdsbvGZ/WKjCOrt2ZUYJKykiMzko5JiY7qwH9UvByXW9d/eJsN1BxQlKeuO7HHoXIaMMsv5oQEx3h1o6LKrREY9TPSwyEta0GTykUAng1gJBRBYOJcuKt3Vq+Q2yXGGF6R79TGuTpYjmeDYmu3wRLwp5yCX/6EYwJY5wrp9FzR08j+Q6IbU+BhGpIyzeEp20J6A9IQlBPd4XvRWQV50VdOPuAuiboFqQC+q2JLuKq00xQ3vvfHIMSEfqL3ZtGfAfzc0KnBX26kLQm7q3Lz8MLV8L3VD6lSyNwCuWnFMjmnc07O8uAiGKvFxwit2aSDGMWFDJAJiInMff3HqXx87T5DVAwkCf45UxbwZ9iPXdtISOPqPulWczWtxZ4n89281lN6q51Eh8RoRLaZu8jlL6tjw9d245JaqSX8HYeLJ+bVLn9hkAP+tFeCTGTnPgGHr3S1s+fNPghzRTzjwPKdTpSQc88GRddshdV8gMopOGIKjvmKP/g7Okt8jXGjoc074O33NaxK7YXbwifOiu+9kfBwYk3d7qLDHXU/aDoQriptYUkjbtXtDU+LT+D7cCzCMxcjxiR+AbOvOe+bidX5BP4ssHoS9pGbEwenL4SvXh9YdusUbwQFwlz41LA/QgtWa34KjfUXExKxGhlHI1KpBP+mmu42Cf4nJseQSCGRT8znRWDGX/C9/YF4T8ynIgD8WncEvpmuRuYf8ws81TqJ9yQAXQD6StDntEUTf5XXUgZ/C+m9HTZbOBZWWFK9SpEHbZgAwKmfoT+Wwvfqe7rnr6/LMOk1p5negRTpbE2UIPhzFTudusAI8fzPIfCPRaKILN8oNj4YTDnuKi8Y2mogQgzZcFGby9LxzMiWvYis34Gw4EBo/XbNhBo9kIJ0b2ZWX3NkTJ91bkDfaQRyQ6f2/KlEtjLpdzS2UBjh35fBeud90w2h4is7BpH5Pidjix8rMK8Na5eZ59tzYPkdu0O+5gMRkR4Hp3ayHEV5amd2Yj2pbOXZ/OL5cxCI4B9Zs00qkeBfOMCRqMTHFynYxmN/wH9y5OexXQfh/0C8fQF3HWuq0BJeATmuk2Dsn+AbPepGcMJMnSXmKUX9Ijv6ZnROdVWZumh0M4Pj9TX++yy6K+/ZuFRqrbM6wmLA1FMzv948S4GTysiwgoDoVfhwCnxDJ0rZWsBVpyv8k2bL51Iu6txZBn/KzD9yCtKLEfirvdr6qS/j6yMYQmjmInFS+pm9zMWr9/YaicjGnZqIz9SZALEN6sfktWHiL7+jLtmv5Ryd2qt1Ke9Vz8wx38A/O7FQWrhgGKG/N8LXeZjmj1AjcAyJg7hxBpVhLDYfB/7CnBLHXgQXNJjehHz2Qjv4e32F8LrtCo6UqiPM4kJ8FH0mafX9H4zV6V/e9oMRWWvnKaEmnaskj04A00UqBCtxV+l86DEQQGjGYvje7IdUMSJOHPC82hOhb3/X2Q7c68EYEz3gGCLiUQV/XwJ34/4m9KODu2TqqAkFnagXSx11dNbR6Yw8V/yOui/3tLjF6JAfxONPoVttP8TZI+oP48vhpevhk54zQ6eelh8jsuuAyoTgcTaIkxk4CE05ckzkmDTSxYUIxE6+JaN75hi1RP/G/QZLeqSM63uqdURgyETE9hzUnlhecM05N4Ptz/NKpwH+fDA+pBzlnMieA9K9Fq/q7ffBedVm67LmSFMgP7FBxTOVwNkjldenVWwJS4yUOYUi+6XrbO9N6lD866JOWnkiy2MiS//7X6s8fB2G6HQ4beXPYfDns2uXVmREY4qIp8qN2RnL9n4wBr6XOpiFhxVbaTK30IoNmrOcgGfGAmyPi0DHHoA/gMiG7fAN+R6emt1E1sbR4GIsD0NFAuS6kDAbay9U9DP756qrbEjESfF2HIwQc6ikWTqfPxGIHmJGwzdhhsqJs4/8w3/UMCNt+GwQpzFbTbkIT8D/q6k4Fiw+4G88dKOvJrwmwL//CPwDJ6hzoNkJuPju+5ma/uGY6OrZojyDPx9GjUqMUuPvNEYxuMg/2xEY8wusJh/C/WJbMQwxJKlcjlJnN5rszLnQ9PStKu3hazkQwW9n6q4zMcuvSpq9e1qcwJ+kDYB0CQn+bAC9HQn+O5LgL6z6JnJgoqyY24Pg9L/gf6e/rpbU3uZrPRD8YZbORIuKDE0cVKQmbKY9yrXKYpDSY4iEo4gcdSO0fAP8n30HV70emgvHzAQioOesr8a7p67an5VroZun+LoOR+i3v+T3D+ngW0S77WHzAGeZNAzAsAAbALFPbpquM0ne7ovIOrOI8GxQZOUmeLOAf+HMhioMoqOiPVU6G+x1bd6hjolVRRwVTs1s1B+BmYt0yie/L6zxoJzotDx/grHGmORcDQOJwsfCYpwcrNi2F6HZy+EfNlnnq7ve6K4LTTQ0JIqn3Wx6S5Xa6l68+jkHdDsNQeS3RYjs2IeoxzJbNNoemyMgBcmzKKyCIOeZHPAn+HBfVi6BP+fAn4+qj2teUC6qbyKb8MYd8H70Ldy1uurcaE7j9PT4UmP76aJ3CvpsJFQfRW6UKa9VpgfmNAL2OcEwokdd2hMI/vInvAPGwdf4Q1i1pUdQtaPqJBtihi85WMoQpKtmFwVOGnPwmxkIL1uP6L4juoDKNDq0B+prgoxJUX4qQ3lmrx+B3xbCzX24X2yjUwTTQ0EjJ/s8+VcoFF0h4M/0G6LrgTFFG/wpM8pP9VX+qIMG+KMILlgHT+uPYXHGDhendh5iBnaZaI24pliaVejmXoVDeQZ/Q5kFdJQng9ma+YOao5uxxdCarQgvXInwrMUITf0TwSnzEJomPGsJQuLFuev1NlPRatODmyMGmSYFoSE5xnS8gIoTUWaqMNyQo+8YNQhvp8/NwiB5fn5/LpCjPwpUTv3HogrQoV8WwNt8oAKXp4wA/xs94f9+FsKMl4rTIRdmaCRfZb7LJH5iOPP7DH2VHmbkcCqi2/cjvGKL7sHqFZBnGNOq2xPBsb/oNMnwEgF7pkrYfxTp3BJPfltDdva9Mynru0Qg6hLt0Ss6xnElq043hP5caexL7UzkLnpYGBSVXpclDa0B/2k4FkqMnlJeibVsBs7JokdkytEfQHDqAljvfKChNvcLreHrz7HLrUiX3mGi2PRpgv+JKcOIhdXL4srGYEBH9GOWV1o9YTG2ML0llxt+DoKIN+cp31IzdQbGzzBxfjF+HdyTe9ADLq5k5CXPKfLw9f0KDGX4Og/VzIeOLM8F0meVulbjiYnuBMTbF2PxffotrNd7iKffUjzW9vD1HIHg0nWIpnnkvKh99ZmR6qsYsf5uSHqx0hB72w2Cu3wbeFp9jPA/27VxJkhxIVlRrROdbfLXapPznw2b9LZjLsqRg79GBoVB3GjGgH8zBL/+xTTgRZCM3ojOMrZPT17kGBVM80lvxiM66yonmFatMwIjp2pEJCqYmki6k//gL2y6kDRmY9AKbsJsDOKFFYuIsA6lIThpNjz1e4mBi1dXpzv8w35EZLsIS8rhXFNcSeUkf1nA/10D/vJlQilLQZLKQXQkKoAeOZSK8M9/wdv2M7iqdVDHwFu/j26OERa9iAiIMZZPPcoPop7qwByZr4W9HT4TfWxjpt1u36c6rT00cUqKmjNiZCssMoseSoHv80lwl5HG9OWOCE2Zb8YporTPwtG3DPAvI+A/9lf5oOiCPxtOnU4sDVhk9374B30HzyuddVzIek16jT/8YZxZhsVF/oUh39xSvoM/0V+9fiqbsGkIMhsApxE4Rm+DzN9L45L8hbA4/atiS3hqdIb/w3G6wCFKb0uFRmEb1h8pJqRGKZwF/LsM1fCCNp7mgYsFydPYz+vUIF/wUyMHzcmzegv8n30Pbz06A63geqkjvO+NQvjP1YimuFVn1IEQEKYDkR9kgJ1sysHX3g7i+XNTFC64E/A35Xb02ZS+qJBTdrLO0FuzBZ633zer5ht/hMiBI9qQGjsr+Gcz4M8ptwL+437VvEdFhVRXHe2lPKmHHJOSXqpf9NSq2kFngPkaDUBw5mJEqLPSW9RZayJf+9KEoPwHfyHqj/OMtpgyWP/0pVFG/mmD4PaJga/SKXOai1w8Pm+PEQgtWa8hADYmTtf0bM1PLggyRilGZ/l1ww+N+XcZhsim3fZ3jiSLPmlYh88k1cejYxAE8ujBFI2TejsMgcXkgRUFeBu8D9/Y3xDasksaBtEBbQx5I/mP99E3Z07Z78L3PgX/1jpDJrZ9v/miiJNIzICVTv2cpftFc8KFb8wvmn9Iwd8+tyApIjbtafSBesec+15UwJ+yMU4CdZiylJ6iZXDL03EIPJXbmF5q56GILFobl2SNkufR3CdRqEDAP6/E36QgOVDC2Ru+3qPhqdoRnhfawtd+sM4e4lgBewkaLpJziwtlgL88n1+em+DP6YORzXuMkiWaxpwBKdDL89AgMsKAnHu/ejP8QyaalOEcIKveWbz9kQjP/RuRI2nG26dnWkiy4K/4GPapKMAo4J++o/iAv059ZbhVejPc6J17DjD/UWzTDs0vVRgUWbwOnoYfqK4Hx08/q3Pd80K0RdVZ6m80Xbx6FwK/LoCv6UC4pJfI/U64UDOyfqtmQaC+JzIlDPjrnGwCO1cOr98B3yffasY7T0Xxvpp9JF7hn4gdFSCg55LgQs0LOeDP2SNs9OgN+bsNR3TLHhv4iw/4m96bAfFYegSRg0cQ+vUvnebrfqkDXJXE2xeP0D9mmk7t1FljUtdqbORCkkWxBX8bvNTR8vkR+m2hpqPg/HPu/kUvVk6yzy44olfsafg+mI4jOGE6p8zY3yQ20WHh2iZOYgnvPaRjUJ63+8BTrhV8NbrCP3yimaou+Kl6myhTfk9ACQL+VEphjTuKdxKJICyeiW8ER83fU2/Q+1ZfhL6Zieh+buJSdGdcZCc+ho6FZAH/L4ov+LOeuRhqzRb4h/5gD/S3guuVTvD2HIHQHOnlHU4F94+gLuqUT7lOwb+Q6py/ouBfQcC/3WeIZQN/HasSLoqUaWvyDCJnb9dhonNNdGwlvPSfQgnBRAX8mRfMAX+GAxOVjMaZ/6l/XEgY3rwbvqGT4KnTDUzOxj2TwxNmInboiOqrylf1Nen5n5JETgp0DmtIIMbW9QgC386Cl4mQODXt1e66+UNYjJHTqswgcuGBQkEQS67P7LLg7zVSp79xEVF0694MeRRFYoiB9aJxfr6mXtEwDqVqTh6uZXBXbW9i++IFBkZNNQmuxLgU6Hmd1K+GxBw5FJYo5HcM+Lc24C+OCMHywIED+OuvvzB58mR8//33mDFjBjZt2lSkGgJHllo3YXGylggQC/BzJb5X9C522CXAFSfzAqDIwjXwvNPPhH0SGPwdOalzRkD3BRBZudGkYXm5o64yt5p/hOAvC3Tqcby+qnwLSH75RQkB/tlJwZ/lkJ4AY76hX/7SrRs5E8gtHiK3O4xs3GFSP3BudoIqT26I6kEdSU9zw//eCAV/f48RCjiiPgmvQPHEssazGaA3IM6ZPOF/tmnj7anbU2Oknurvwiu9nCDHdKSeTYOeef1ZI/lpfwem3BXwb2vAf+PGjfjggw9QvXp1VKpUCS+88AKqVauGjz/+GH5/Ec1KyTqyfAh8OB4urmiu3AbBGUs1B5LWmwBeQVRDeMFqeBrY4P/tjIQFf8VCYcUicc5Cf66A992hOiGFm6nQgQn/uVLlpWORCR7myU4JCv4G0FXoZLcX4fkiePHCuFrOXUW645wJtHqTLtMv2uBvDCyW6oLPAf+eI5BeDMBfDUd0iWM1gd+X66Iij9Sfh4n7Goi3P+JnhDftQpSzuWzgTwjKBv6Hl61B165d8eijj+L111/HsGHDMHbsWHzyyScYP378WbOT/CAmoQtLj4sZURn+8bX6FJGde9WxIqAVRJ3o7Ji3+xrw/25m4tR7NqIXz2madEy4ytwnXr6ZkNAJvn5jEFol+MMc/KLnxglNgv8ZkwP+6jHavQCdFbJiE/zdvoSL4QLpklttP9FcGTFfUL2YokgG4G3wF9DP4vnLF4lqGDmRPot5oeWOcPbWph0IjJwC16vdNY0Hu8tcwcw9ds0qXTOTx9R3gjyrFEPBn2EfAf+fB3+JJ554AvXq1cPff/+NSCSizxcWww8Gg2o4RZW0gQ5H4B01Fa5K0iiXbYnAtzMRc1s6uFkQ+kfwt94ynn+A4G+05qxT9lJw9lNEB3anS3n76NiUh5sEfT4J0a17jO5Sb239ZZy/KFFCgr8DevwT30NBQcsVipjBFm7ewbngTOcr3cfgH8uR7vHqOUVtYZQqvvxLT3Ep6DNvPHsAZmFRwXhe+UEZdcS6yTgaA0iPiLdPb2nOcrjE2z9avgVSyzZFGnOZD5mIwKadCPv8Cp7q8Uu9ad3F3ZN8tog/bcC/DTxtP0WLKjXwwAMPYOLEiWoTZIZ6HKM5m2U9U9K9fBlePXAE7nf6iU01g+etvrpoifVTEA0yQyWcwEFHR8H/rNZ1pq5lYI3ocTrHQ7bv1SnInlpdFPitN/uZ9DMiK4I9V4PruQ6L91+UKCHBPztRpGaWgiiplC285zACwybBqiGVUqaFVk5oyjxEjtqzRKQiigqJ+ijaxI6k6kAvc8r7eo9EZNd+8xxn0TBORjQY6orjsetrAXJmuGQ6bv/oqUir1RVLHn8VMx6pjhll6mJOn88wb/pMzJ//J/78cz4WLPgThw4dMg1AAj0ndY0Dvi7x/A8364+K9zyIp556CuPGjcPvv/+OH374AVOmTMHKlSuRlsZEhEXX81cQE9FzvCXw4xy4X2pvep9iX9FDqSqL/KbQ/L/FkxbwL9sCgR9+P6t1Hw/+qstsCNljXbtFZ99ZVdvDwx23mg1EaNpCRFweAX3O6DF671wff5+iQkUD/EWoRkkN2Ohc21QXuDWfpzbDCdwLoIPu1cqNE2KRcJGpCPXu2bAdtsFfDI/gHxXw53fyn31mYhHlS+Vnfejai0jExEbF2+cKR0/FNtj7fCO0LPE0St58J5687z6UfPoplHzmWTxd8hnc/0AJ3HvvPfjpp580dJJI9UUbsOwVvlvqdsFzUv477rgDpUuXVmYI6MEHH9RBX8b8i+yArxAdDJ2aKPLn2JrVfpA0euJQ1e6G8MI1OqZGYv3kVx2F5i4XL7qP9DJaIjjxj7NW984zOayDtlYAoUXrYLUZBKtia92bRAd2RRY6sEtdF5kp8IvceB31xeGiREUE/I03pgJmJcnriFRCVMrnn74I1hu9kVK+mVRWWwQ//V4XWhSZJeM2wKc7nn8G+B/Q76hciUhqLASNWFSMwo/w1t26JZ+nTnekMUW3eExHWgzAhP4fo2eP99DzvffQ/b0e6COv3+3SBXfedTuuuupKTJ06NSOGnihEXWNiNy7eWfFKKzx1w2247rrr8PbbbyvY//LLL+jZs6c0XveiXLly2gMoqqRhOuqZqCET24XnrdTxGd1O9P0xiO4+qHXjcH5Q2AZ/Zr1U8Ne+feFT/HMx9MgsAkHiydv9dC/olBfaILX7Fwis2qgrdlVWwgR9xSFpLIiTXq8XbrcbgYDZ16GoUNHx/IWzdLPYELASBOSZ/0eXi1doDosbvvccjciGXeq1OK1zdpb/7LufXZLS8D+d/+7jYLaGfUYp+KtRJko542RHpuy50jGS6kZw7grxlIcijTMhyjeHt04P+D+fjNjeQ1JvZgNq4y1xwVY6Vq1aJZ7zA6hS5UWsWbMmy30TgVgOBf/yrbH+tU54Rjx/evkc7HXKefDgQXTu3Bl33303Ro0aZV9Z9EjrUfXM7lUHxO77jEEa90WW3nR4+mJdac16yy99zAD/8gb81QAKgZy646/Jk5jnIYbQm0/zIDB+pqa7dpdthkOVWmJZ89746fORWLd2HcLhiAKkA/7chSslJRWLFy9Wh2Dw4MEaCtyyZYuOlTi/lchUJMA/J8qoSJujm3bA2/oTUdpWmi3Q22oQwsv/0Y2+M+JzrGiem09KnB+kpZD/YgdSNKcPZ0D4+36F2J5DGc92tij+9xUkbDmqEYiCR3buh2/Ez3Az9Mbd2ZiQr/VAjekyGR8p/h480jPitMkbbrgBI0eOhMvlso0qgepEiuFrb8I+e97pjTK334dSpUph4cKFGc/DUBWnet5yyy16LC6kDcDqLQLOvXTnPavjYJ0K6qRVYf2fKYXmLFPw58LN0KTCCfvwFxzdNYDP6IGw6GP08FEEP/4O1ovtFDt2lmuGUdXfwnMPPIyLL74Yffv2hcfjydBTMhf8DRw4EHfddReuv/561YMrrrgCJUuWxNKlSxVDE0WfT0RFFvyzk2aGPHBEvP6R8LzYWvcPdkv3jUnhuJBFFVcqmxXv9CISgbQU8l/swFF4BfwZ9gn0G4P0vYczgOZsUfzv86jpNzje4g0gPH8V/G0/gyUASU/JU7sL/EMn6dQ4LnZhfWQn3mPv3r146KGHdM48PWnHmM7mc2Yn6oaCv4ATZ/vUfrIU7rzzTl3ZyxAVy7tnzx60adMG999/P7777jv7yqJPmoIjEta69FTjlOoWCH0302yMz7rKh3oK/r4Ennq9dO/k0OQ5Uvf2FwVIoslSdtGzmMEAdWaYall62MzImSrPyXDl1iqt0OiRZ3H7zTfjzrvvwuWXX47evXtncVLY8HPQ/6abbsKzzz6LOXPmYNmyZdpIsLFgKNBpLBKZig34Mx7HSo2kuRD4TFpx6bJ6SjeHt1YPBKbMRZQ7FrHyRNN4XqKAjZZC/iP40/PnJuEB7q+aaOAvMotGzYYV3mGT4arZzWwHKAbsa/0pglzpKL0snf4WZQObFdCdew0aNAjXXHMN+vXrpzN9qG/xv5MIpODPAd9yreBtOwjDOvdU8K9duzZmz56tKR3o7TPkU6NGDezcudO+suiTZk8lBuw6CHeLj5AmXrCv0QcIL/tHe21SU/aZp09hAX+L+zVUbI3Qj3NsIyh4oo7x+UKim7Gg6PLqTfDW74s00WOXLnAbhLkjxqLua69h7LjxGDV6NB555BEFf8b0HT3dtm0bmjRpgvvuuw/Tpk1TeVE2qampuvr73//+t44D0VFIZCo24G8q1nRNuVm1/5vp8NTqjlRnYdHInxE5eNR8T4CSo1yUcW1hKWB24s/y5zlLyYR9msF/FsBff8b5Pftov9TXMfF2uDCL2xp6KopHLI2Up1Y3BL78CdHdB9SLcjwqNQYb/OOZs2LYLb711luzdI0dThRiWZjNk+DPRV77F61UL5+e3o033ojbbjMDwOXLl9fBX9WlYkLag5a6I0hyn2RPra46K8c/fLIm3OOzOvWljtRp1Ft4ViGBP8tml1FZ9fIYwv4AvDOXwqrZGanlmmjP1dtnlA5uey0LaalpCAQDmPLzFO2hZgd/xvmff/55lClTBkePHs34nHjZv39/Bf+vv/5aB4ATmYoV+JPZAm/auAmjPh+KtuWqostdT+GHB6tgWwXxYLg7GLeHFAVXJRamAjvx7LNB1HspAmIC9ty+UcG//9eISWPAz/lMhUGUAb12s2+yHMX42UjyfXTfQfiG/AA3Z4GUbwV3pTbwth+M8PyViDEcIMCfEwCy7A5Y8Miu8rXXXovmzZtj37599lmJR5S4n5sKVTCJ3SLb9uLw4cP4448/dGDvww8/1AVfHNyjnRRWHRUGqQ1JXdFGIgdTNJeNp1wLeN7opTmYdMN7OYczgwikp/PsoVmL4anbSzeSCf44T+5hf5HPxHI6z0L9o3MYOepC4KtfkVa9I9LKNoVXHJnAKHFgDqaaZ+N5wnwuzkRzwJ9hHBI/51oPTvWtUqVKluenLkyaNEnBnyEgzgJKZCp24M+47HPPPYeHHnoYzzxVEo/cWwK3X3kN6t1YAotLvwU/M2au2aI5TdRL5XV2hZ8NoupQfxT8O59F8GcsVNh47kYuEfFcODjnbfkx3FXbwvO89KJq90Bg9DTTiAa5u5bxpnh+dmLZHUOiTr344os6KEYQZdw0UYlPEg/+TLXB56BN0KAt8Q6dFb6O3hUXYt1rfcrz8vkivy/VLTU1/CM9Ug7y6yIn9uzk3NN59tCMhQr+7sptEfypYMDfNFAEfjlSR+VZorv3I/DxeHiqtIVLvH2reheEpy5A1O2RZ41IvWctyInAn59zoJfpPuKJYZ6ZM2cq+Hfr1k31JJGpWIE/p1hxVsbjjz8uLfBEbNq8CcuXL0e9N+ri9iuuwqB7nkfqC210X1buCctQhuMVnD3P3yhcbN/Z9fx1oE9kwL2VdQbE3gOwBv+guUw85VtoF52Lt7g0Pybek6ZwUMPidTmDAD8jszf2559/aqyfmTB37dqlnyUq8Umyg7/zLGTqS/x7cnEhgj+dABMalWOaBe+AcbrK1VPzXQQnz0G62A3DQ+o4ncazh6fb4P+CgP8Ugn/+y49TV3UKpzxDJBhGZM1WeLsMh/ViG7gqNofn7X4I/7VaV6TrRAY5NzudCPwZ5yf4161bVz9ziOA/a9YsBX/OaEuCfyERK4WgwnhszZo1tUtOEAtJg/Bh/w9xy403os/D5ZH2oskh720yAMFpf+lCsRiVnZ6vo8x6tG9cwOT8ZnTPwTjwH4vYAYL/6RlXbkjvbf/JG2PoYgRc2h6ctRyedoNgVeugA9DuOt0Q+PpXTWalc77VWGzmfQgYJyino09vvvkmLrroIkyYMEGNoqCeKz+IJfN1zJrP36mLE3FxIQ3lsAcoR+0BSF2Hlq2Ht+kAeOgtv/s5wuu3C6ieAfj/JuD/Ri+48hH8zT0ymTN7tIfi8SM0dyW8rT6FSxow5uD3dfwcoTWbzYpdu5FwnsUpC48O+Pfp00fB3/meAM9ZXuzJ6iC4/Tkxk6FNgj8nBCQ6fhYr8GeeFU4jZMVwVoY/EMCRI0fwToN3NJXAmP4D4f3yJ90eUnfgebOPJmqKpTK7JJXAKL3T9S0MErXRsnNRl25wQvD/aBzSD6VkKFW+k9yS99WFO1LfGvYSTz668yACn02C+433kFahpRiKNJJdhiI0fyXSxduP32s1N6XivWkcnN7J2TIMx+3YsSPDYBKVWLL4bRyz7+RVnElrxa4aHlhPMcuPwIgpJu/Pyx3gHz1NQNWePn0aOezDv/4FS8DfXaWdgP98+Q37izMg1Wfqm+q0vBZ7jjK+/9M8uN95X3uuVtUO8A34BtHNexBxFmKZq83/fG8z70Xwd2b7xIM/13twiidTfXC+v3M+Q4JsKAj+TtqSRKZiA/5OuT///HPcc889OteWizBatmyJp59+Gt27d8e2LVsR2XdYU9ZynrG7XAtYr/XQqYvM1Kd7B9iKU1hhIKoflSe6cz+8HYeYef4fjUf64fwFf+deZPXq+JzyjARiDtqGZi8TwBui3j7XSHCLusDonxFhvn3pGtO7zyvpvYU5R5r57zkfmrFyLUMhyfd0iE9aHPfwPR06JuBOu6C3T/1kWm6r2UCEF65Vz5qOQ14pNG0BrNff0xQgoal/qj6cLjk67SxC0/i+6Fx0zyEER02Dl42MOHpe0We/vI9w5TxDltJIZCdHLx27iAf/+Nk+3Ninfv36ijNc4+Gcv3v3bjzzzDO46qqrsH279I7ks0SmYuX5s+z79+9Hly5ddFoepxQ6cea5c+ZKS8wHjSFyOFW3XvM27g+LPYAaneEVwGVYg0njTANQOBUn6qRlPyH4KxSdGTlK67AT4uGYR2TrbviH/Qjrzb5wVWyh3r6v83AE5/yNyKFURMNRRNJPL/cO68PRJyf3Cd875UhUSoJ/Jmn4hOwPIjhptjgFXeF+oR38A79FJOX0MpqGBfCt13rmK/izHAR/7k0Q3iAN1SffwqrZFZb0YD0N+mrGUs5e0plpOrEhZ/BnpODbb79VJ5Jz+W+++WZUrVpVd2zjDC+u6WAv4KuvvlJ84ZTP4cOHa4oHnk/gb9eunWJnIus4qViBP8vNwRjG4tgta9y4sfYAHn74YbRq3QqrVq82UxgF2GOpbp23zimLXKjkfkkUuucIhFdt0gaCcUBHsRwuCJI7q1edBfwHEvxTze+eBvjzCr0yo9yZr8naJU5xI/y7ePvclu7ljurReV7vgeBX4h1t2q3bLlJOTnxfrtR754Xif1N/V+6j97LfJwplLwvfM7dPxgbu2w34J06JC480DKorttNNOo9+X4knLT3mN/sgOHOJ6ohTnw5nJ/3E/pgHAn5W8Dff5YV4jWH5Te3Fig0FQprni/theJw9dtt+jODspYiKvZtZfXRK+EzH/yjvtX79esUNYgiBndhBb75y5cpo0aIFFi1apM9Mz54hHq5bIdZwzj8jDIw0cLzRkUsiU7EBf5Z7w4YNqFixoi6+YevN7tm8efPw1ltv4f4H7tfKMqtKCYDSAFg+hJf+I8oyEq7KrWC90EaMfghCC9fo5tZUFoZHNESSQzcxPyhDcbftld8ebAZ8P/4G0SOpOu5wOgqkg1d6XwO2uqydzyEeD6dnRjbugv/LKfC88754+9LwvdgO3s6fI/T7UsQO57CXbj7qcCIahFOmjGcWWVlM7Ebw5x6+25wBX56jpyol4rPkN/EJ5cn1WXWDE3EYNB0zZ3/1HIno3sMZOkY9dmSo1zpH+7XeQzj4M8G/h+bKD01dkHFebsi5j96LOq02KuzxIThrqTpzHtFnNiwsX2jJOkQtv54rF2lhtDzmdsdRSkqKbtLPKZvZmcDPhH4kzuzhWBY38WdivxEjRmiYaOvWrXl6nrNJxQr8mSjs6quv1i4aF+XwM1YSK4itMzff5rJroziirGwA2J1dv003hXdX7WCUuvmHCM5YgnSvmQamcUT2BE6oMqdPxrMSJd66B5YoLuPt/k++0c1dqNQK3PK9w7khZ5peFuOQ3kz0aBqCfyyBr/sX8LzSyeSuqddLGoKfEFm3HekBevtybgE1dIlKjlwdGVNu3g6DFPyZ3iESN9tHG9ZsfC5R+sEU3cbQwwHUOt0Q/OEPxBgaFDmoTdn6SnLk4+iiw5zbb73aA56XOmj4lTLNLcXfk3qtqd2PpGhIimFc2q+nRhexoW8RXrdNewO0X5Ytv4nlIFY6az8SPZ1Ddio24M+KIOhzEdGQIUN02bXzLPT+2S17+eWXM5OJiZLqIBHBPRQRz3sf/F/8CKtGJ3jKNIfnzb6iUHN00xju5VmQ4K9z7AX86bU4nv+JwJ98KjKGYYxDB7EF1CMbdiAweiq8jd6Hp5J4+9Xa66Iy5i+PMu0FQV/ONXxuAVp2mVJ+Xt3URBwBgr/0ynRRE+Uv3ynb1+S2TooLcR1IeOl6WM0G6IQJb9tPNUxoAFZAOSfwl88yWM5jSgfPq9013Bj69a88yc+5p+qp2GV0134EvpoKq+57mijOI8fAyKlSZ/s05bixAbFdORYEOeVxuChRsQL/uXPnokSJEqhQoYIO2LAbxkEaxvA4X7dXr146NUvBX5iKoQpLFs84JiAYHP8rPK/3hKd0M/Vs/GOmIbLnkCqSqVv+d7qVHHed/PYxetqpHkT2HdXxB6vJh3DJ73p7fInQyk2IHhBQTvMgPRjS8mYqmBzNXXIk7U3IM3HwOnyY3v5y+HqMEG+/s3hG3Iu0NwLDJiO0dqsO5Ok6B8rCzrfPa4szGQnaLP+pXBnq8geQnuJGZO8RWE2lLqRn5G38oWaGje7Yr9sacmZUeojTBKU++GfXiZGYc9fiS5RXNMWFwPjf4H6xPayXO8EnPccYZcd4ui0Pvkn3GXlyDUtkyy5ENu5EeOMO+If/KN75u3DR8/9pLiDOF2/sSDGTjpenI++o2GN4wzYdH3PXkntVbKl1FRCHjXmyaM9OY0Td1jIVADnlcbgoUbECf3a9mDWSo/OM/XOWD19zsKZjx45YsWJFxoNmrzQFTPYCXBaCU+bCersP3GWbw/VyZ3gHT0JEPPOYKKnOI1bmdfaPOyTvHa8w+7015i7gqumlxSsJL1qjHlBADMH74ThY7QaJJ9RJPX/3q91gdR0O/0ffIDhiCkJT5+tCG2ZajPn8Gb9PjDZHpzz2c8jzMZ9+eNMu+L+Sxqxhf+2ms5ttMbb/2yKk6/6scp0aCOVHmThysZ+nGBCfxcjFrjc+rz6z1AdDYWnSXRc5ReauROiH3xEY/AO8H4yFp7o0lNwfWurE2+pj+HuNkh7ZtwiM+VV7S2E2zvsP2w2zuR/vrx5mMY6aySOqxx1ev00XS7nLiowavo/Qio0qz1iqhejm3YjMW6khocCQiZqo0NttOHxdhsH77jBYb/XWwVhX5TbwvjdK9TG8Uq6nPEVvaSumnlhflKmRreo15RwM614dfnGSPFXamY1npAcS/H0pIlyzw+tYF3JuBtvlz2+K/42iRsUK/MmcU86BGW62PXToUIwePVpj/lz9y/QPGQqVrbL4zoQ+BBTEYwn+sRSeFgPBXftdL7SDr/84RNZus/fxzNmb4HsqrVMW81tiECJPevChdeKpfD8TflF4d4O+sKp3MvfnKlqCvjDBn5xWpqnOwKGR0EuyGveH7/2vEfh5HsJiXDG3WWSjii6/oWDGsrMBO5KK0LwVOpDtFm8/rZJ4+/WlOyyGGFy9Rby04zdaKa7k1IMzD9yE+cLixadIgyoAMuYXeAlKb/TSxtFdLrMuMuukiXBT0xiILnDFs9VyIAKffofQLAEc9gqkUTbThI1+FVeiPFWOHGD95S+4pZGkTKxeoxFaslYbR1/XL+Bl+gbKkzqcTZ5MBW70vAXclUWetW15SuMamrnEhGwsv2mcte74m1J/Undhrx9hztJr/Qk8tI2q0vvo/iXCS9ch4qVNZNpgkk5OxQ78WX7n6LzOzs7n2clcQwAVjkTMtLHOQ0RB26iX4helppLRe3dmxMQT36kHbiugTimVcyNrtiAwVkCm9adwi7Jyh6Q0ARMaAMNL5Ezj4OeZrJ/xe7KAj0saAuYooVcV2SK9EfGUtAGQ341InUW27hUD/EX3IWUMlAbo7fgZgr8u0Ni+6Q5nPn9OcihO5NQ3ZRSNcNDbjTDrdeiPsJoM0Pwy7tJNBZCamg2A5HVmXRg2dWU+N6Blvy8vjerr78HXZzQCv/2F8K4DUgfc6zWxF/ecCVGe7MEyjk5dY6JEjpG5XmwPzzv9VJ4qm9LSYIoDk5M8Xc/L+UwSyNcicyNbqQNOQHitJ3zSy+JCsOiOA/beuWy02atwIzh1gfQc+sJVXhpicWzYOw5v2CnnSQ/M7nmZ3rdd4CSdkIod+DvGHv/+RJyd9HNRHLPIi95GFJF/tqtxp3EufIWW8LaR7mXcvOEsZN9XQwBMl7D/qCqxt9UncLGbSwUXEGdcX717GoO+jgN6NY6s4M/zMxoAsnzG/VV9XaQxmr9SQxexFBeCC1fD22MErGrijRGY3hBgEm+fsx5iHF+Q8ppeQmbDlZMcihNpXVCngyGEtu9DYNx0WI0+0Dn8RtZN1BN1QIr1wmMWZuNgf88eGRsDrTth9WLLiQcr3qv/g68R5Nah4oEWV6K+aEMq+BDevAv+D79WnU7NaDht3aXMCPC2vsZzVr03nzlHNsLsLVg1uuiOdsFl4tEz6+b+QwiJA+UW50dDTa/20JBobO/BjCSDJjRkOzd2eZN0YiqW4J8bzomc7xQwhLmykR5HZNd+XTHInEDMbe5ljHPKfMSOHD8nnvLjKkMu2vJ98ZOGbGgQxihEyWkgNphkgDv5uNBPpmFkXE9Piq/FcAhCOivpte4IffcHgmOmmfnXzMlTtQOsNoO0W+5swMHniS9nPGV/X5SJj+LUn4kbC/uDJqtj/3HSE+qosnNkqnVBebNe5HOnTuJZdywjiNFLzXatATGyeLoVW8LioOPMxUj3OGksKO+iGwbKLk/t1YojEV4nTtGACfBU62j0UWVA+Uiv1m4ILP3seHmqXlP/bfmZnq+RJ3ff0/2gKU9692Jr/h9nwz/4O+2Bu8tzJl5vBCbPU4cnPUbgitdtW9ft8ifpxFRswL8gSLublMcx6QEIiDI3CBen6OYW0t2nF0mPJD3CfV2NcXAhTGT7XgQGThBv33iXBc6V22qaCnc5MYw63eD77DuEpccSC5gxjuIE7qciA7im3nQMh9Nc/96gcWhd0EbAyUmGZ8Sm0dAGnCGQV7sj+PN8pDNurakEim4Y6Hh5hhBZuUlnjzH9hfZKc5TJmTHlyQaFDk7ai221IWAPK9BoAELzlun6HKds55J+5yclwf8klLG5iSgXewBRj1enkrnf7qMhIA6mchA1un2fxiY11LPrAPyfiEfEOccFZBjZ2fE83VU6IDTpD13MpTFSKbvOTjqH/CDT9WfoTvQ4HEZ49WazNzLBg72lAqoT9g6c0JDGsWt0Qvi3RbqGpCiPARiAjZPnWulB9fhSwdh468cP6OYXW05Drb0DaVSrv4sIZ72Js2Xi+pmcpLxTEvxPQozpaxeSHo+8JphywVRwxmJYTQfoakKmpdUdjjZsR+TAYZ094qnUTsHYhAiOV+r8Zk9p6YmIoXDQLTR9MSJcmSxlZV2aqannkucvzyuNNnM4RXZLQ/zBWM3dZJWWxpHx/QIAfza+zhhAZi+gKbw1uiG0bmuWVNhFjbLIc+8hHWBVvXee0x64zW82A8HyWvRaQ0ry3lOtk/Q6NkojlDXRYBL8T4+S4H8Sohep4Gk3AupJk8UDYs4QD/PvV2oNq2JL+DsOgX/YJHhe6yHKa+KeOcU7jdFQqZshVQDpaKkmOCLHIzwKH+VnwinyOk09n1M3IAQ01/ONDeA07I/o+h1IjzIU5czssR/oHCCtMzZ6TNvx9XSdr+/Ug8r9JHXixK15TBVOKdUUR6XBSGFDznNUzs59MpkDm+qZ0kPVepeGho0NG//Wn+o0X1aC/rEyilCFZJHnN7PgeaWL/fzmmanH8bLIkImCNrmJyFKOdE7kXB7jZ0/lyLynnm/O0WvKUKZN4W81CDFmvFW9NvJMgv/pURL880BsAAyYyjEWQ3jDDvh6j4JVuY2OA3Dqn3oscXy8YpsBRjYOi56ojemPVMevj7yCXx+Wo/Bv8nq6HP94pCb+efpNAyDZ75GNaSQO871/xM86GK0D1to9th/gHCBNlSF1FBQP0d1y4MlBxmEBam1Ay7RQ4D9UqiHWPPUG5j9WE389Vgvrn6qPw882NqCU/doTMkNMjZEq9wz+8qdZDCZl0wFTHu3yJjo58gyt3gx3m08ydOxkzJk/HspUGs9NosMbnn5DuC7WP10PG56qiw0l6+OQyDMvvTCtH5Gnq0xLzQ3EtTgqR5avCMkzkSgJ/nmgeE+DciJHdh+Ed/D3cFVtbwBfFDWesytxmnhLHvGG6P28eNWNuPb8C3EV+TyHL8Bl55+Pm/53MXrf8bRck7duNY3T+0ZvRFZt1rnYNFyW91whnaobCZs9CrhlZw4yys5pZZrDYm9N6mSzAFPzmx7GAxdfhRsuvAS3XHg5Hr3kGnz3UBXpmTWS8xnOO/4ex9V7Kc5akboQ0LIavo+Ynfue5StKYKXlpTxHToVVpYM8a+6cEcppy9MNUPLy63D/JVfjwUuvwgOXXYmHL7lK5Hklvrm/Eg4930gbWzcXe2W7x3Fcig1zU/hErr4G/RA9cETHtajaSfA/PUqCfx4oHvxNAyC9gZjIa9NO+LsPFyU9tWFYDA+IYVilmmGGePmjS5THiPvKZvBHd5XGc1fcgtsuvBSD7y4tAJJ78OfMCB5TyzaHn4vA3F5tAARy7Cco/iTVgvBOJsn7TGWRUwOcnS0BFPbI9pdqgkrSIF/63//gjRvuxfB7y2H4PWXQ4qYH8cvDL+FQaQErAfSc7hnf23OcANaxDjJLfUeWrtVwIScR6PoQFrQIkMpz1z5N+a3PGffMJ2KOA6Q93xhrpcd06YUX4D4B+zrX3oV6N9yNujfehwbCsx57BSnSOzDx/FPrOHtQlGdKWdFzeR/5azVi0pti+bRRLSLyTCRKgn9eSPQrA/zlz4wJHEP4703wtfhYlDQXXpEAAacDshubKq9T7Tg/Y/zknx6sgmcuuw5Vr74dC5+oLYp+6nuSne64HuV+Vt/RYrQHMwzjXDEOPmdk5mJ46r+nnuKpwIrfM0zheq4xhtz9PC7873nocPMj2CZe62GR42GR50GGb3i+1BnrjeCT032yMutZehVSBtazb/hPiLq8qi+6yK6INMgqT6Y6ebt3ruRJdnECQqnG+OepetKTPQ+NbnwA/0iP6rB8dlh0/Igc056THpQ6Qrynue/J7u2iTqvNmPOZVpqLG6MqT66jSIJ/XikJ/mdANAzGHUPc4OLV7rkG6qxsFJ+gQsPofNsTuOV/l6DH7U/jsAASPdKcrzsZC/A07Y/Q2m0a9nFio9oA0EZ4KCbsPI/DBFem9HW/3OGkYBLPBDUOtj9x2bW446LLsO7pugrYCuD0Tunt20BuxhDyXie+9oMRO+Iy4J/RIJtnSCTOUZ5f/wp39Y65lid1+WiZRlgv4H/Z+eeh2U0PYVfJN+U78fDLNDZylfN0AF3kq+Bv95iy3+tEbLX7DNGDqQr8RaknlUiUBP8zIDVgkVdw8hzNaXI64G8MqqkOjs17rBYqXnUTylxxI6Y9Ut0smc+DQWSwNBiclRFctP448C/uzNlZ/n7j4S7XKsNTzc7Z5cWB2S1Pv4MLxEutefWdWPx4Hcx7pDamPPAS5j5eC3ueaSDX8V42UJ1GPVuv9tR0H2b2WM5lT0RWeX70HdzlW+daniof8e7XP/kmrjjvArxy7d2Y8lA1zBH9XvXkazj0XEM5j6FPI0+dGZdH8PeKPCN7Dmv5kuB/epQE/zMgGgeXlwcmTNcMnKcDCmYGSVOkCPe682ncdtHFaH/Lo9glgGMWDZ1Gg1JGylKpNfyDf0Bg+iKTgnj64mLJkRlLsnBYntXbeIDUhRNSyASWEwFMyvONsfyJN/Cvf/8L9150ufQArsH9l12Nu/53Be66+ErUueFuzH+itk77PK06FnaJcxD6bhaCMxYiNCNx6yNHeTb7OE/y1Cmv0qCuefZNXH/+Bbjxgktw/8WX486LLsWjl16D1jc/jGVPvK5TaHk+w2gnulc8M6TphDeZ24rrONTzTwL/aVES/M+AHPAPfiPgT8ClgtqcXXFPxLpIRrq+K594DdWuug2PXXIVvn2gcpyXlXewMflRmuoeqVatrsJdsnLtgmfPCdhdxz7yvZSFr3O6Ptec7dk88rzuyiaJXgZYZePs8koRQJnxaHX85//+H24XgGLIbXyJSvjq/op47bp7cMv/LhXAekRj2Hmb7hnH5ZrDYvrj2u/CJeXO63M78otnlaEtT0eW2Tmne52Uc5RnG5Fb7uVJTinTBAfEw/+6RGWMv78SxopOD7ybkxluxE0XXoK24uCsfaqu9lJ5/snu5XA8+Lur2eAveFWUps4mEiXB/wxIu8bpMYQmzoaLeU5O4g2dkG3Pf/BdpcXTvByNbnoA654WkNFGwSh8jtedhNWImP6ZG1mLkVjVOsLzUuGz5nNXltdSht0VmmF3RSmfNEosFw2YzNeGc75Pnpj3qNBaw2W5ARQyB9oXPFEL//6//6De9Xdjjch//7ONsaf0O5j9WA3xVq9FuStvwtxHa54B+Et92M/t4rPmVPZTsCMvlafIlffbUb4JNpR+G9vLNsbRF9uqnDPkmu3602LKkyt68yBPJ81Fmjg1+55rhIPPviMNwTvY+WwDTHv4JZHndXhcZPrzQ9Xse556tk92Zg4r7hCmYU3hZNgn75QE/zMg3flK5MXuslVTPCRRyryDf1NsfuYt1L72TtwrXeNR95XXVb9qZPGeTh6YA5TMM8+8/qE/pOv+x1KEZy8rdA7J74Z+XwrX1Hn4oUUXvHXv4+ha4WXsnzhdPw+T/7DP59F5fQbM39QtK7npijSquQmbcQbJ6qfewL/+9S+8ev1d2PPc2wJgLbUO9ghwPX/FTdIjuxK/PkywMh5wTvc5GXvf6Yfgz/MQlGdkGXMq+6lYr+P1IrfVQ75G74o18Prdj6DKjXeh1u0P4OPq9bFl1EQEZi3OODen++SFVZ69RsGjayZyJ0/15oW9KiumzGavmNM6m2CvyLPylbfiDulNTXigkug3r8k7+HtbfIzYgSN22IezfZKUV0qC/xmQ5j0h+C/fAKv5AAF9UfY8gj+9pHElKuH+i69E7evu1FW/8eBiFsHkjVkOX/cvdc9U3VvVHxQOFTqHLS82rFyNru06ouSjj+OKiy9BmVKlsWsTdxNjmWwOyPkB5/3x98kL83m54QezruYa/KW+dj/TANecfwEekHrYUrI+PM+ZMN7ix1/FE+KplrvyRsx97BUBq9OL+/sH/aC7h/G5T79O5BqubBV+5/W6KPnY46hVvTrqvvYaHnv4YZS44y706doDe7ZsM+fmlzx/XQhP3d7yHLmTp5MeI5XTOfkZAZ52IcflT76uoZ+HL70aUx6qos6NaQBOzfFhH/+n3yGW4hYb5P4U0gDYNpmk3FMS/M+ADPgfQ3TvYfgHjjMKTs6mtCfj/dIdfuOGe3CzeEKD7i6NfaUayD3oLTE9QC7vZRtExrnlmiP47UzE0iytVCczaWGzy+1Gx04dUa5CefTu2wcXX3QRnn6mJHbtlEaJssvgnK8/HWYYgHvyWm24yIurqY1MTipHkfPB0o1Q78b7cOl/z0f325/AX4/WwdzHa6LJjQ/ilgvN1NstJd+SOmEqiFMDoPYQeB7rsFwLRBasRbrYFOvDzPU/HWZdGpl99NFH+O7bb7F0mfQC1qzGDz98j4cefgjPlXoO8/+cb87N8R55Y5Xn5t3wduAir9zJ0zx7Mwy/twy+ur8yFj5aG8ulZzX9oVfQ+MYHcKvoesubHsXaJzmGcmpZkk2Da2TqKttCt3JUB4LgL2WUoiYpj5QE/zMgHfAlsAaDCE370yQRo9dvg3ZuegBLn6iDF6++Fa9ccyfmPVYzQ8n5nc6CiDv3ZExjc37Ter2nbnBtdjgyIEDbKFw+Bq/Pi6/GfIUpP0/Bvv37cNVVV+IZgv+unVImM0vj+L+c7pV7ZqMS8/oRGDJJN/fOkI/N8TLL+E4AJVUa3D8er4Vyl9+MBy+5ApWuuhnlr7oRD118FV699i7MFwBLVTDnDJVTAxYbcJMzSACzQT+kH0zNmJKYU7lzx5l/+/btg9/vy2gMLI8HNWq8gnvuvQdTp02Nk29O98k9G3kGEODGRFUy02WcTJ6cxslkbB1ufRjPixxfuOo2VBYdL3PFTXhQ5Fn7ursw65GaOFLK0fVTy9NswEOZin6/1Rfp4nBRnioNec4k5Z2S4H8GpJ6R5vynd7RLQy0mEZvDp45lri9ZH9/e/wJ+f+QV7H2W85/zHv/kNWqIBKay0iUe/L3mPlFgoIGcJeNg7pXU1FTdOJ9luOaaa1CyJMF/V4GViaDHhHahxevgZdrtuJ7YiQCLYQp69IcEXKY/VB29xMtvdfNDyp/cVRrzpFE4+Bzz+vD6UwOVMhtj7cG1QPD7P3AsGLZLmH+k4G6zZVl46aWX8Oijj+L333/PN/lmyHPZP/C2GJgreTI0Rl2c+1gN9L/rObS79TE0uekBtL35EXwqvVsmzNvPuf4iI+P550amnMHWGB4mypswE8fE60/SmVES/M+ATLfYeP/0NoO/LYKnTlcxCNs7pHLnqMiZzMFGri5NYcZC8RJPb3MMXmOMyHq7D0IrNmgWSW7AwbIJEtglLlyKByfy1VdfnQH+BUUEqwgBK81CYNQ0uF7pbBYRiZyUT9Ab0xTEHLOR445nG2DT0/Wx8Zn62FuKyceMbE8Edjky61EaYp8AZnT/ESlY/g9Kxst27ty5eOyxx/DGG29g/fr1+ll+kAP+UZfI8+vf4KrxboY8+Zw5yVPDXSJLpmHe9+w72PLM21hXsh42PfOmTv90GgfHTnJKl3E8m0Fjb/OPNJki99hI0plREvzPgGhgGhsVmWlsdO8RBIZOhvtFezMXBY2sSnw8eBBwqNg80hiyf39ijr+XGlL1zghM/EOAz2MaJLKCg13gQqZ4cCIXBvjzdzTUJeAQ3rgLVu9RcHHvVwEkjRfHySwLq6duGgGtN2mQCV4cPM9Mq83j8XWaI5dpDqtOD4T+XIFYOGqXLn/JkStDQA0aNMCDDz6IMWPGwOVyZXx3ppRFnpt3w+on9z+VPClLafjcDH2pvMz+Fmbygi1DW84nrI9szOmgnFEXnLtcN49P0plTEvzPkBwjI6eL3CICOP5eo5BWmcvhBTxs71+9oewKnWEAjrdvG0a283LijMaFmSN5rNoOvs8nInLgiHpFtHunXGeLMuQiOsWjA/47d+4suHLJbZ14N/dTDi9eB1/bz3RbTa2DONBRj97+zHwusuVr53MelW255/SZzbw2ox7ZiNTsgsCEmYgFg4jF8gf8HXk6suMxLS0NAwcOxEMPPYR27dphy5YtKm9H5mdMtjzVyaE8l/0DX4chJ5cnZSENptnA3ZGRkY2RU1a5Oa/j2ZznyFN6B3RsuGe2zy+NUcE0pucaJcE/H4nGRmMPr9sKq+cIuF8wKyOZt0e9nlyEgXLF9KzYS6BHykGzau11w/jwngOIcX9TWmwCEOXhgBC5UMA/G3HTj/C8lfC1GaS7rnHQ0IAV64QhBwNWZ8IGBG3AKtdCFyD5v5qGqNsyKb/TI3ZpzowcOTpMD3/06NEa7qlfvz5WrFih4yv5Bvw5EKePhheshq/dYJGn9ACyyTOnhjGvnEWeZUWetbrAP2KKyNMjDSnlGU0YHS/KlAT/fCQaHLvIsaB4SBt3wv/B1/C80lm9oRQBao3pZ1P002IdGxADYR50As3QiYjuPST1xs1bEiddcDxQkc8G+HM6Lr3F0KK18HX5Qle+MrzDHpmJNZ95nRCsOC3XKt8Knrf76YAkQ28KVML5tYG7I0faqNvtzgD+V155BUuWLEFQHA/nHIfzm1SefpHn0vXwdftSVxsXnDxbwvNmHwTp8ae5812e5zolwT8fSczNgD+VVDxwAnJAPECrQT+4XmitBnKibm6euEwLeKt0gLfZR/BNno2YGoaZ78zfZzkSgVimo0ePYu/evRqXvuqqqxSsli5dqu8DgUCBAFQ8mUF5kYvoc3jDdk12567bS9NxMD98Zjz/9Njx9t3SyFudhiI0a4n0Nnzym8d0wF3HXeSYH0RZsY4joltjx47FXXfdhSeeeAKTJk3Ctm3bVKaUNUNBPKdgwN+RZxgRbmL0+SS464k8K7XNX3lW7wSrwxBNghfzegtEnuc6JcE/H4mm5hioGohwRBQ3vEi6yf3GwPPGe5pvhxlAdaGQsDYGNBoO+qpH77DzuRgDz6M3JF1ghnisBu8j8Nn3CK/dokZotgZkXNbEZhMD+gG/eIhff/01unbtim7duuHKK6/EHXfcgZYtW6JHjx5YuXKl6hllVhBARdL6sO9/TBqj2OFUBGcuhrf7CFh1usNVmXlrWqinmbGAiTK3XytrHZjPMuqLHi5zCFUX0G/+EfxjfkFgi/RoGHbhZi36uyb8wkH3/CC9p+gUwf2RRx7BxRdfjGrVqqFjx44qX4d//PFHpKSk6Pn5Tea54uR51IXg70vg7TFS97Q4M3m2MqDfbAD8o6chsHkHjol+F5Q8z3VKgn8BkpgHosei2lUNiXcenr8CgU++hbvJAFi1ugmQt0Na5VZwVRBQlwYhYw41j0wRXaGlZlT0VG0PtxiW1fIT+L/8SRdwhdUbkgYmlriG4PF40L17d7z88suoXr36cTxjxgx45TkUSArJoPkz0bD0yvYfNumK+46Bt8EHcNfsovmANIlZeZG7NLQccOT+vmllWR8CZlIfHtbHyx3hqfserM7DEBw/A+F/tiPiFyOS+mCMnyBVEETbJLM39frrr+coU/KQIUO0F1AYMlV5RkTHDx5BmI3q+19nypOJBU8iT7cjTyaQE8fI6jgUwbHTEV63rVDkea5TEvwLlOipiXckAB1RRY4h6g8gvGMvQjMXwT98Mnw9xQNt/Sm8Dd+HJYDifl1Avn4veBv1h7fdYHj7jBEvaCpC0nBE9xxCejCs4RSGltKjphucqOQs8jpw4IDywYMHszB7Bg6gFR7422ELqZdoLIKYx4vIxh0ITJ2HwKDv4O8yDFaLjwTA+ulKac/rPeB5qw+8TT6Et+Pn8H44DoFvBKCWrBXAS0F6iKuojTfK++q2gnIsCGLZeW/K9dChQ8fJ05EzxwMKKuyTnbLKU0DE8mk4KDBtvvZO/V2Gw9tS5PmOLc/XRJ5v9oa3scizwxB4+4s8x4s8F69B9MBRkafUSSHJ81ynJPgXMKk8bWXm3HvOVNAGQbyZWDSmxhJjwq+d+xHdsltXCke37kFs90H5PBXp3oACvZ5PAyPLvZTl3rqIK0GJwOAAlvP6ZFwYxJ+hzNKlQTYxZGF5zWN6VHoEaR7dcSu64wCim/cIkO1GbNt+xLhr1FE3YkxCJ+DLZ9I4tNyQR11XIXWk95bvCoJ439zI0jmnMIg/c1J5umx57oyX576EkOe5TicFf3pmSTozEt21Y5Wi3JqEKt5IhfmdyFzf8/O47w2bazO/F0OQxkDP0/sXjpGfDjnPcCIwcr53uDCIP0OZOUzZOnVggMYuc9znvMaUMf56fm+XXarEeQZTpwXzLM5vnIic7091Xn4Sf8aRpZHHKeSp7JTxJPJ0ritAeZ7rRHzPEfw5X5izMZKUP5Sp8EaR499nZ4eyv09SkpKUpPwi4jtxPgv4M6bImCHnDScpSUlKUpKKHxHfifPEewV/epp844R+2DpwRgZnbnAgicyVhUlOcpKTnOSiwQ52E8eJ58R1J+RDvCfuK/jHe/9OA8D4EAcIeGGSk5zkJCe5aDHxmzjuAH+8158B/tkbAMaFeDKZXYUkJznJSU5y0WIHw4nn2YFfwZ+xoOwNALsGDvOiJCc5yUlOctHieBzPDvwkBX+S86HTCOTEvEGSk5zkJCc5MTkn3CbH47tDGeBPij8hyUlOcpKTXLw4nrKAf5KSlKQkJencoCT4JylJSUrSOUhJ8E9SkpKUpHOQkuCfpCQlKUnnICXBP0lJSlKSzkFKgn+SkpSkJJ1zBPz/OOAn/SBBpkMAAAAASUVORK5CYII=\">', NULL, 25, 16, '2021-01-07');

-- --------------------------------------------------------

--
-- Table structure for table `course_attendance`
--

CREATE TABLE `course_attendance` (
  `cattend_id` int NOT NULL,
  `course_code` varchar(15) NOT NULL,
  `group_ref` int NOT NULL,
  `session_ref` int NOT NULL,
  `reg_no` int NOT NULL,
  `date` date NOT NULL,
  `period` int NOT NULL,
  `presence` char(1) NOT NULL DEFAULT 'P'
) ENGINE=InnoDB DEFAULT CHARSET=utf8;

--
-- Dumping data for table `course_attendance`
--

INSERT INTO `course_attendance` (`cattend_id`, `course_code`, `group_ref`, `session_ref`, `reg_no`, `date`, `period`, `presence`) VALUES
(1, 'CS6109', 2, 11, 2018503557, '2020-08-03', 1, 'P'),
(2, 'CS6109', 2, 11, 2018503557, '2020-08-04', 4, 'P'),
(4, 'CS6109', 2, 11, 2018503557, '2020-08-06', 3, 'P'),
(5, 'CS6109', 2, 11, 2018503557, '2020-08-07', 1, 'P'),
(6, 'CS6109', 2, 11, 2018503557, '2020-08-10', 4, 'P'),
(7, 'CS6109', 2, 11, 2018503557, '2020-08-11', 2, 'A'),
(8, 'CS6109', 2, 11, 2018503557, '2020-08-12', 3, 'P'),
(9, 'CS6109', 2, 11, 2018503557, '2020-08-13', 1, 'A'),
(10, 'CS6109', 2, 11, 2018503557, '2020-08-14', 4, 'P'),
(11, 'CS6109', 2, 11, 2018503557, '2020-08-17', 2, 'P'),
(12, 'CS6109', 2, 11, 2018503557, '2020-08-18', 3, 'A'),
(13, 'CS6109', 2, 11, 2018503557, '2020-08-19', 1, 'P'),
(14, 'CS6109', 2, 11, 2018503557, '2020-08-20', 4, 'P'),
(15, 'CS6109', 2, 11, 2018503557, '2020-08-21', 2, 'A'),
(16, 'CS6109', 2, 11, 2018503557, '2020-08-24', 3, 'P'),
(17, 'CS6109', 2, 11, 2018503557, '2020-08-25', 1, 'P'),
(18, 'CS6109', 2, 11, 2018503557, '2020-08-26', 4, 'A'),
(19, 'CS6109', 2, 11, 2018503557, '2020-08-27', 2, 'P'),
(20, 'CS6109', 2, 11, 2018503557, '2020-08-28', 3, 'P'),
(21, 'CS6109', 2, 11, 2018503557, '2020-08-31', 1, 'A'),
(22, 'CS6109', 2, 11, 2018503557, '2020-09-01', 4, 'P'),
(23, 'CS6109', 2, 11, 2018503557, '2020-09-02', 2, 'P'),
(24, 'CS6109', 2, 11, 2018503557, '2020-09-03', 3, 'A'),
(25, 'CS6109', 2, 11, 2018503557, '2020-09-04', 1, 'P'),
(26, 'CS6109', 2, 11, 2018503557, '2020-09-07', 4, 'P'),
(27, 'CS6109', 2, 11, 2018503557, '2020-09-08', 2, 'A'),
(28, 'CS6109', 2, 11, 2018503557, '2020-09-09', 3, 'P'),
(29, 'CS6109', 2, 11, 2018503557, '2020-09-10', 1, 'P'),
(30, 'CS6109', 2, 11, 2018503557, '2020-09-11', 4, 'A'),
(31, 'CS6109', 2, 11, 2018503557, '2020-09-14', 2, 'P'),
(32, 'CS6109', 2, 11, 2018503557, '2020-09-15', 3, 'P'),
(33, 'CS6109', 2, 11, 2018503557, '2020-09-16', 1, 'A'),
(34, 'CS6109', 2, 11, 2018503557, '2020-09-17', 4, 'P'),
(35, 'CS6109', 2, 11, 2018503557, '2020-09-18', 2, 'P'),
(36, 'CS6109', 2, 11, 2018503557, '2020-09-21', 3, 'A'),
(37, 'CS6109', 2, 11, 2018503557, '2020-09-22', 1, 'P'),
(38, 'CS6109', 2, 11, 2018503557, '2020-09-23', 4, 'P'),
(39, 'CS6109', 2, 11, 2018503557, '2020-09-24', 2, 'A'),
(40, 'CS6109', 2, 11, 2018503557, '2020-09-25', 3, 'P'),
(41, 'CS6109', 2, 11, 2018503557, '2020-09-28', 1, 'P'),
(42, 'CS6109', 2, 11, 2018503557, '2020-09-29', 4, 'A'),
(43, 'CS6109', 2, 11, 2018503557, '2020-09-30', 2, 'P'),
(44, 'CS6109', 2, 11, 2018503557, '2020-10-01', 3, 'P'),
(45, 'CS6109', 2, 11, 2018503557, '2020-10-02', 1, 'A'),
(46, 'CS6109', 2, 11, 2018503557, '2020-10-05', 4, 'P'),
(47, 'CS6109', 2, 11, 2018503557, '2020-10-06', 2, 'P'),
(48, 'CS6109', 2, 11, 2018503557, '2020-10-07', 3, 'A'),
(49, 'CS6109', 2, 11, 2018503557, '2020-10-08', 1, 'P'),
(50, 'CS6109', 2, 11, 2018503557, '2020-10-09', 4, 'P'),
(51, 'CS6109', 2, 11, 2018503557, '2020-10-12', 2, 'A'),
(52, 'CS6109', 2, 11, 2018503557, '2020-10-13', 3, 'P'),
(53, 'CS6109', 2, 11, 2018503557, '2020-10-14', 1, 'P'),
(54, 'CS6109', 2, 11, 2018503557, '2020-10-15', 4, 'A'),
(55, 'CS6109', 2, 11, 2018503557, '2020-10-16', 2, 'P'),
(56, 'CS6109', 2, 11, 2018503557, '2020-10-19', 3, 'P'),
(57, 'CS6109', 2, 11, 2018503557, '2020-10-20', 1, 'A'),
(58, 'CS6109', 2, 11, 2018503557, '2020-10-21', 4, 'P'),
(59, 'CS6109', 2, 11, 2018503557, '2020-10-22', 2, 'P'),
(60, 'CS6109', 2, 11, 2018503557, '2020-10-23', 3, 'A'),
(61, 'CS6109', 2, 11, 2018503557, '2020-10-26', 1, 'P'),
(62, 'CS6109', 2, 11, 2018503557, '2020-10-27', 4, 'P'),
(63, 'CS6109', 2, 11, 2018503557, '2020-10-28', 2, 'A'),
(64, 'CS6109', 2, 11, 2018503557, '2020-10-29', 3, 'P'),
(65, 'CS6109', 2, 11, 2018503557, '2020-10-30', 1, 'P'),
(66, 'CS6109', 2, 11, 2018503557, '2020-11-02', 4, 'A'),
(67, 'CS6109', 2, 11, 2018503557, '2020-11-03', 2, 'P'),
(68, 'CS6109', 2, 11, 2018503557, '2020-11-04', 3, 'P'),
(69, 'CS6109', 2, 11, 2018503557, '2020-11-05', 1, 'A'),
(70, 'CS6109', 2, 11, 2018503557, '2020-11-06', 4, 'P'),
(71, 'CS6109', 2, 11, 2018503557, '2020-11-09', 2, 'P'),
(72, 'CS6109', 2, 11, 2018503557, '2020-11-10', 3, 'A'),
(73, 'CS6109', 2, 11, 2018503557, '2020-11-11', 1, 'P'),
(74, 'CS6109', 2, 11, 2018503557, '2020-11-12', 4, 'P'),
(75, 'CS6109', 2, 11, 2018503557, '2020-11-13', 2, 'A'),
(76, 'CS6109', 2, 11, 2018503557, '2020-11-16', 3, 'P'),
(77, 'CS6109', 2, 11, 2018503557, '2020-11-17', 1, 'P'),
(78, 'CS6109', 2, 11, 2018503557, '2020-11-18', 4, 'A'),
(79, 'CS6109', 2, 11, 2018503557, '2020-11-19', 2, 'P'),
(80, 'CS6109', 2, 11, 2018503557, '2020-11-20', 3, 'P'),
(81, 'CS6109', 2, 11, 2018503557, '2020-11-23', 1, 'A'),
(82, 'CS6109', 2, 11, 2018503557, '2020-11-24', 4, 'P'),
(83, 'CS6109', 2, 11, 2018503557, '2020-11-25', 2, 'P'),
(84, 'CS6109', 2, 11, 2018503557, '2020-11-26', 3, 'A'),
(85, 'CS6109', 2, 11, 2018503557, '2020-11-27', 1, 'P'),
(86, 'CS6109', 2, 11, 2018503557, '2020-11-30', 4, 'P');

-- --------------------------------------------------------

--
-- Table structure for table `course_list`
--

CREATE TABLE `course_list` (
  `course_code` varchar(15) NOT NULL,
  `stream` int NOT NULL,
  `regulation` int NOT NULL,
  `semester` int NOT NULL,
  `title` varchar(55) NOT NULL,
  `credit` int NOT NULL,
  `objectives` mediumtext
) ENGINE=InnoDB DEFAULT CHARSET=utf8;

--
-- Dumping data for table `course_list`
--

INSERT INTO `course_list` (`course_code`, `stream`, `regulation`, `semester`, `title`, `credit`, `objectives`) VALUES
('CS6101', 0, 0, 0, 'Programming with C', 6, ''),
('CS6102', 0, 0, 0, 'Computational Thinking', 3, ''),
('CS6103', 0, 0, 0, 'Application Development Practices', 4, ''),
('CS6104', 0, 0, 0, 'Data Structures and Algorithms', 7, ''),
('CS6105', 0, 0, 0, 'Digital Fundamentals and Computer Organization', 7, ''),
('CS6106', 0, 0, 0, 'Database Management Systems', 6, ''),
('CS6107', 0, 0, 0, 'Computer Architecture', 5, ''),
('CS6108', 0, 0, 0, 'Operating Systems', 6, ''),
('CS6109', 0, 0, 0, 'Compiler Design', 6, ''),
('CS6110', 0, 0, 0, 'Object Oriented Analysis and Design', 6, ''),
('CS6111', 0, 0, 0, 'Computer Networks', 6, ''),
('CS6201', 0, 0, 0, 'Graph Theory', 5, ''),
('CS6202', 0, 0, 0, 'Theory of Computation', 5, ''),
('CS6308', 0, 0, 0, 'Java Programming', 6, ''),
('CY6251', 0, 0, 0, 'Engineering Chemistry', 5, ''),
('EE6351', 0, 0, 0, 'Basics of Electrical and Electronics Engineering', 7, ''),
('GE6251', 0, 0, 0, 'Engineering Graphics', 5, ''),
('HS6151', 0, 0, 0, 'Technical English I', 5, ''),
('HS6251', 0, 0, 0, 'Technical English II', 5, ''),
('MA6151', 0, 0, 0, 'Mathematics I', 5, ''),
('MA6201', 0, 0, 0, 'Linear Algebra', 5, ''),
('MA6251', 0, 0, 0, 'Discrete Mathematics', 5, ''),
('MA6351', 0, 0, 0, 'Probability and Statistics', 5, ''),
('OE6392', 0, 0, 0, 'Critical Thinking Skills', 3, ''),
('OE6394', 0, 0, 0, 'Environmental Science And Engineering', 3, ''),
('PH6151', 0, 0, 0, 'Engineering Physics', 5, '');

-- --------------------------------------------------------

--
-- Table structure for table `course_reference_table`
--

CREATE TABLE `course_reference_table` (
  `reference_id` int NOT NULL,
  `ref_code` int NOT NULL,
  `category` varchar(30) DEFAULT NULL,
  `ref_name` varchar(100) DEFAULT NULL,
  `description` varchar(255) DEFAULT NULL
) ENGINE=InnoDB DEFAULT CHARSET=utf8;

--
-- Dumping data for table `course_reference_table`
--

INSERT INTO `course_reference_table` (`reference_id`, `ref_code`, `category`, `ref_name`, `description`) VALUES
(1, 1, 'Group', 'MM', 'null'),
(2, 2, 'Group', 'MN', 'null'),
(3, 3, 'Group', 'G1', 'null'),
(4, 4, 'Group', 'G2', 'null'),
(5, 5, 'Group', 'Common', 'null'),
(6, 6, 'Session', '18N', 'August 2018 - November 2018'),
(7, 7, 'Session', '19A', 'December 2018 - April 2019'),
(8, 8, 'Session', '19N', 'August 2019 - November 2019'),
(9, 9, 'Session', '20A', 'December 2019 - April 2020'),
(10, 10, 'Group', 'MO', 'null'),
(11, 11, 'Session', '20N', 'August 2020 - November 2020');

-- --------------------------------------------------------

--
-- Table structure for table `course_registered_students`
--

CREATE TABLE `course_registered_students` (
  `cregst_id` int NOT NULL,
  `course_code` varchar(15) NOT NULL,
  `reg_no` int NOT NULL,
  `semester` int NOT NULL,
  `group_ref` int NOT NULL,
  `session_ref` int NOT NULL
) ENGINE=InnoDB DEFAULT CHARSET=utf8;

--
-- Dumping data for table `course_registered_students`
--

INSERT INTO `course_registered_students` (`cregst_id`, `course_code`, `reg_no`, `semester`, `group_ref`, `session_ref`) VALUES
(1, 'HS6151', 2018503557, 1, 2, 6),
(2, 'PH6151', 2018503557, 1, 2, 6),
(3, 'MA6151', 2018503557, 1, 2, 6),
(4, 'CS6101', 2018503557, 1, 2, 6),
(5, 'CS6102', 2018503557, 1, 2, 6),
(6, 'HS6251', 2018503557, 2, 2, 7),
(7, 'CY6251', 2018503557, 2, 2, 7),
(8, 'MA6251', 2018503557, 2, 2, 7),
(9, 'GE6251', 2018503557, 2, 2, 7),
(10, 'CS6103', 2018503557, 2, 2, 7),
(11, 'CS6104', 2018503557, 3, 2, 8),
(12, 'CS6105', 2018503557, 3, 2, 8),
(13, 'MA6351', 2018503557, 3, 2, 8),
(14, 'EE6351', 2018503557, 3, 2, 8),
(15, 'OE6392', 2018503557, 3, 2, 8),
(16, 'CS6106', 2018503557, 4, 2, 9),
(17, 'CS6107', 2018503557, 4, 2, 9),
(18, 'CS6108', 2018503557, 4, 2, 9),
(19, 'CS6202', 2018503557, 4, 2, 9),
(20, 'OE6394', 2018503557, 4, 2, 9),
(21, 'CS6109', 2018503557, 5, 2, 11),
(22, 'CS6110', 2018503557, 5, 2, 11),
(23, 'CS6111', 2018503557, 5, 2, 11),
(24, 'MA6201', 2018503557, 5, 2, 11),
(25, 'CS6308', 2018503557, 5, 2, 11),
(26, 'CS6201', 2018503557, 5, 2, 11);

-- --------------------------------------------------------

--
-- Table structure for table `credentials`
--

CREATE TABLE `credentials` (
  `Credentials_ID` int NOT NULL,
  `Register_No` int NOT NULL,
  `Username` text NOT NULL,
  `Password` text NOT NULL
) ENGINE=InnoDB DEFAULT CHARSET=utf8mb4 COLLATE=utf8mb4_0900_ai_ci;

--
-- Dumping data for table `credentials`
--

INSERT INTO `credentials` (`Credentials_ID`, `Register_No`, `Username`, `Password`) VALUES
(1, 2018503557, 'admin', '$2b$08$U0VES/hQqaNBzeM90mijUuzEEd.8alRIq9nRZJbF54KCLL4ljSxG.'),
(2, 2018503556, 'user2', '$2b$08$OzucEPKeSZbyPAnQA9vyh.GlVb4HgsBzeEzM638VwzshSSrwqTHD.');

-- --------------------------------------------------------

--
-- Table structure for table `person`
--

CREATE TABLE `person` (
  `Person_ID` int NOT NULL,
  `Prefix_Ref` int DEFAULT NULL,
  `First_Name` varchar(50) DEFAULT NULL,
  `Last_Name` varchar(50) DEFAULT NULL,
  `Gender_Ref` int DEFAULT NULL,
  `DOB` date DEFAULT NULL,
  `Community_Ref` int DEFAULT NULL,
  `Caste` varchar(50) DEFAULT NULL,
  `Primary_MailID` varchar(50) DEFAULT NULL,
  `Secondary_MailID` varchar(50) DEFAULT NULL,
  `Aadhar_Card` bigint DEFAULT NULL,
  `PAN_Card` varchar(10) DEFAULT NULL,
  `Passport_Number` varchar(10) DEFAULT NULL,
  `Primary_ContactNumber` varchar(15) DEFAULT NULL,
  `Secondary_ContactNumber` varchar(15) DEFAULT NULL,
  `Intercom_Number` varchar(5) DEFAULT NULL,
  `Alias_Name` varchar(5) DEFAULT NULL,
  `Address_Line1` varchar(250) DEFAULT NULL,
  `Address_Line2` varchar(250) DEFAULT NULL,
  `Address_Line3` varchar(45) DEFAULT NULL,
  `Address_Line4` varchar(45) DEFAULT NULL,
  `Photo` blob,
  `Marital_Status_Ref` int DEFAULT NULL,
  `Room_Num` varchar(6) DEFAULT NULL
) ENGINE=InnoDB DEFAULT CHARSET=utf8mb4 COLLATE=utf8mb4_0900_ai_ci;

--
-- Dumping data for table `person`
--

INSERT INTO `person` (`Person_ID`, `Prefix_Ref`, `First_Name`, `Last_Name`, `Gender_Ref`, `DOB`, `Community_Ref`, `Caste`, `Primary_MailID`, `Secondary_MailID`, `Aadhar_Card`, `PAN_Card`, `Passport_Number`, `Primary_ContactNumber`, `Secondary_ContactNumber`, `Intercom_Number`, `Alias_Name`, `Address_Line1`, `Address_Line2`, `Address_Line3`, `Address_Line4`, `Photo`, `Marital_Status_Ref`, `Room_Num`) VALUES
(123, 3, 'Dhanalakshmi', 'Sangili Sabapathy', 64, '1990-11-11', 6, '308 Nagaram', 'dhanalaxmibtechh@gmail.com', 'secondary@gmail.com', 123412341234, '12341233', '123456788', '9985596879', '8896857688', '123', 'Dhana', '21st Street', 'Nanganallur', 'Chennai', '600061', NULL, 65, '1033'),
(710, 1, 'Vijay', 'K', 63, '2000-08-31', 8, 'caste', 'vijayk31@gmail.com', 'professor@annauniv.edu', 123412341234, '12365478', '12354', '7098566258', '7098526852', '1234', 'k', 'Address 1', 'Address no 2', 'Address no 3', 'Address no 4', NULL, 66, '5201'),
(711, 3, 'Surya', 'S', 63, '1970-12-07', 6, 'no caste', 'surya@annauniv.edu', 'surya712@gmail.com', 789478947894, '789456123', '78945', '8220864895', '9944485673', '04175', 'jai', '101 b/4', 'new car street', 'chromepet', 'chennai', NULL, 65, '1002'),
(712, 2, 'Anandhi', 'Ravi', 64, '1965-12-07', 10, NULL, 'anandhiravi@gmail.com', 'anandhi@annauniv.edu', 456145614561, '456123', '4589', '998862458', '7068525124', '04498', 'anam', '5/45', '8th street ', 'ABC appartment,Guindy', 'Chennai-25', NULL, 65, '7854');

-- --------------------------------------------------------

--
-- Table structure for table `person_guestlecture`
--

CREATE TABLE `person_guestlecture` (
  `GuestLecture_ID` int NOT NULL,
  `Person_ID` int NOT NULL,
  `Level_Ref` int DEFAULT NULL,
  `Topic` varchar(100) DEFAULT NULL,
  `Programme` varchar(100) DEFAULT NULL,
  `Organization` varchar(100) DEFAULT NULL,
  `Place` varchar(20) DEFAULT NULL,
  `Start_Date` date DEFAULT NULL
) ENGINE=InnoDB DEFAULT CHARSET=utf8mb4 COLLATE=utf8mb4_0900_ai_ci;

-- --------------------------------------------------------

--
-- Table structure for table `person_reference_table`
--

CREATE TABLE `person_reference_table` (
  `Reference_ID` int NOT NULL,
  `Ref_Code` int DEFAULT NULL,
  `Category` varchar(25) DEFAULT NULL,
  `Ref_Name` varchar(100) DEFAULT NULL,
  `Description` varchar(255) DEFAULT NULL
) ENGINE=InnoDB DEFAULT CHARSET=utf8mb4 COLLATE=utf8mb4_0900_ai_ci;

--
-- Dumping data for table `person_reference_table`
--

INSERT INTO `person_reference_table` (`Reference_ID`, `Ref_Code`, `Category`, `Ref_Name`, `Description`) VALUES
(1, 1, 'Prefix', 'Mr.', NULL),
(2, 2, 'Prefix', 'Mrs.', NULL),
(3, 3, 'Prefix', 'Dr.', NULL),
(4, 4, 'Prefix', 'Ms.', NULL),
(5, 5, 'Community', 'Backward Classes Muslims', NULL),
(6, 6, 'Community', 'Scheduled Tribes', NULL),
(7, 7, 'Community', 'Scheduled Castes', NULL),
(8, 8, 'Community', 'Most Backward Classes', NULL),
(9, 9, 'Community', 'Backward Classes', NULL),
(10, 10, 'Community', 'Denotified Communities', NULL),
(11, 11, 'Community', 'Others', NULL),
(12, 12, 'Qualification_Level', 'Under Graduate', NULL),
(13, 13, 'Qualification_Level', 'Post Graduate', NULL),
(14, 14, 'Qualification_Level', 'Doctorate', NULL),
(15, 15, 'Degree', 'B.C.A', NULL),
(16, 16, 'Degree', 'B.E.', NULL),
(17, 17, 'Degree', 'B.Sc.', NULL),
(18, 18, 'Degree', 'B.Tech.', NULL),
(19, 19, 'Degree', 'M.C.A', NULL),
(20, 20, 'Degree', 'M.E.', NULL),
(21, 21, 'Degree', 'M.Tech.', NULL),
(22, 22, 'Degree', 'M.Sc.', NULL),
(23, 23, 'Degree', 'M.S.', NULL),
(24, 24, 'Degree', 'Ph.D.', NULL),
(25, 25, 'Degree', 'Postdoctoral Research', NULL),
(26, 26, 'Branch', 'Computer Science and Engineering', NULL),
(27, 27, 'Branch', 'Computer Science', NULL),
(28, 28, 'Branch', 'Electrical and Electronics Engineering', NULL),
(29, 29, 'Branch', 'Electronics and Communication Engineering', NULL),
(30, 30, 'Branch', 'Electronics and Instrumentation Engineering', NULL),
(31, 31, 'Branch', 'Information Technology', NULL),
(32, 32, 'Branch', 'Others', NULL),
(33, 33, 'Class_Obtained', 'Honors', NULL),
(34, 34, 'Class_Obtained', 'First Class with Distinction', NULL),
(35, 35, 'Class_Obtained', 'First Class', NULL),
(36, 36, 'Class_Obtained', 'Second Class', NULL),
(37, 37, 'Class_Obtained', 'Others', NULL),
(38, 38, 'Designation', 'Professor', NULL),
(39, 39, 'Designation', 'Associate Professor', NULL),
(40, 40, 'Designation', 'Assistant Professor Sr. Grade', NULL),
(41, 41, 'Designation', 'Assistant Professor Sl. Grade', NULL),
(42, 42, 'Designation', 'Assistant Professor Or. Grade', NULL),
(43, 43, 'Designation', 'Teaching Fellow', NULL),
(44, 44, 'Designation', 'Lecturer', NULL),
(45, 45, 'Emp_Category', 'Permanent', NULL),
(46, 46, 'Emp_Category', 'Temporary', NULL),
(47, 47, 'Work Nature', 'Industry', NULL),
(48, 48, 'Work Nature', 'Academics/Research', NULL),
(49, 49, 'Level', 'International', NULL),
(50, 50, 'Level', 'National', NULL),
(51, 51, 'Level', 'State', NULL),
(52, 52, 'Event_Type', 'Conference', NULL),
(53, 53, 'Event_Type', 'Seminar', NULL),
(54, 54, 'Event_Type', 'Workshop', NULL),
(55, 55, 'Event_Type', 'Guest Lecture', NULL),
(56, 56, 'Event_Type', 'Short Course', NULL),
(57, 57, 'Project_Type', 'Research', NULL),
(58, 58, 'Project_Type', 'Infra Structure', NULL),
(59, 59, 'Project_Type', 'Consultancy', NULL),
(60, 60, 'Guide_Type', 'Supervisor', NULL),
(61, 61, 'Guide_Type', 'Joint Supervisor', NULL),
(62, 62, 'Status', 'Completed', NULL),
(63, 63, 'Status', 'Ongoing', NULL),
(64, 64, 'Patent_Status', 'Filed', NULL),
(65, 65, 'Patent_Status', 'Awarded', NULL),
(66, 66, 'Gender', 'Male', NULL),
(67, 67, 'Gender', 'Female', NULL),
(68, 68, 'Marital_Status', 'Married', NULL),
(69, 69, 'Marital_Status', 'Unmarried', NULL),
(70, 70, 'Marital_Status', 'Widow/Widower', NULL),
(71, 71, 'Participation_Status', 'Presented', NULL),
(72, 72, 'Participation_Status', 'Attended', NULL),
(73, 73, 'Publication_Type', 'Poster', NULL),
(74, 74, 'Publication_Type', 'Conference', NULL),
(75, 75, 'Publication_Type', 'Journal', NULL),
(76, 76, 'Class_Type', 'Theory', NULL),
(77, 77, 'Class_Type', 'Laboratory', NULL),
(78, 78, 'Class_Type', 'Project', NULL),
(79, 79, 'Class_Type', 'Theory cum Practical Integrated', NULL),
(80, 80, 'Responsibility_Ref', 'FA', NULL),
(81, 81, 'Responsibility_Ref', 'Library Incharge', NULL),
(82, 82, 'Responsibility_Ref', 'PI of proposal', NULL),
(83, 83, 'Responsibility_Ref', 'Project Coordinator', NULL),
(84, 84, 'Membership_Type', 'Member', NULL),
(85, 85, 'Membership_Type', 'Senior', NULL),
(86, 86, 'Option', 'Yes', NULL),
(87, 87, 'Option', 'No', NULL),
(88, 88, 'Registration_Mode', 'Full Time', NULL),
(89, 89, 'Registration_Mode', 'Part Time', NULL),
(90, 90, 'Admission_Category', 'Counselling', NULL),
(91, 91, 'Admission_Category', 'Sports', NULL),
(92, 92, 'Admission_Category', 'Industrial Consortium', NULL),
(93, 93, 'Admission_Category', 'Founders Quota', NULL),
(94, 94, 'Admission_Category', 'NRI', NULL),
(95, 95, 'Admission_Category', 'Others', NULL),
(96, 96, 'Residential_Type', 'Hostel', NULL),
(97, 97, 'Residential_Type', 'Day Scholar', NULL),
(98, 98, 'Residential_Type', 'PG Accomodation', NULL),
(99, 99, 'Programme', 'B.E.', NULL),
(100, 100, 'Programme', 'M.E.', NULL),
(101, 101, 'Programme', 'Ph.D.', NULL),
(102, 102, 'Placement_Type', 'On-Campus', NULL),
(103, 103, 'Placement_Type', 'Off-Campus', NULL),
(104, 104, 'Admission_Mode', 'GRE', NULL),
(105, 105, 'Admission_Mode', 'TOEFEL', NULL),
(106, 106, 'Admission_Mode', 'IELTS', NULL),
(107, 107, 'Admission_Mode', 'GMAT', NULL),
(108, 108, 'Admission_Mode', 'GATE', NULL),
(109, 109, 'Admission_Mode', 'TANCET', NULL),
(110, 110, 'Admission_Mode', 'Direct', NULL),
(111, 111, 'Admission_Mode', 'Others', NULL),
(112, 112, 'Award_Type', 'Technical', NULL),
(113, 113, 'Award_Type', 'Non-Technical', NULL),
(114, 114, 'Award_Category', 'State', NULL),
(115, 115, 'Award_Category', 'National', NULL),
(116, 116, 'Award_Category', 'International', NULL),
(117, 117, 'Selection_Mode', 'CUIC', NULL),
(118, 118, 'Selection_Mode', 'Direct', NULL),
(119, 119, 'Participation_Type', 'Individual', NULL),
(120, 120, 'Participation_Type', 'Group', NULL),
(121, 121, 'Blood_Group', 'O +ve', NULL),
(122, 122, 'Blood_Group', 'A +ve', NULL),
(123, 123, 'Blood_Group', 'A -ve', NULL),
(124, 124, 'Blood_Group', 'AB-ve', NULL),
(125, 125, 'Blood_Group', 'O -ve', NULL),
(126, 126, 'Blood_Group', 'B +ve', NULL),
(127, 127, 'Blood_Group', 'B -ve', NULL),
(128, 128, 'Blood_Group', 'AB +ve', NULL),
(129, 129, 'NSS/NSO/YRC_Volunteer', 'NSS', NULL),
(130, 130, 'NSS/NSO/YRC_Volunteer', 'NSO', NULL),
(131, 131, 'NSS/NSO/YRC_Volunteer', 'YRC', NULL),
(132, 132, 'SEvent_Type', 'Technical', 'None'),
(133, 133, 'SEvent_Type', 'Non Technical', 'None'),
(134, 134, 'Session', 'November 2016', NULL),
(135, 135, 'Session', 'April17', NULL),
(136, 136, 'Session', 'November17', NULL),
(137, 137, 'Session', 'April18', NULL),
(138, 138, 'Session', 'November18', NULL),
(139, 139, 'Session', 'April19', NULL),
(140, 140, 'Session', 'November19', NULL),
(141, 141, 'Session', 'April20', NULL),
(142, 142, 'Gender', 'Others', NULL),
(143, -1, 'None', 'None', 'None');

-- --------------------------------------------------------

--
-- Table structure for table `student`
--

CREATE TABLE `student` (
  `Register_No` int NOT NULL,
  `First_Name` varchar(50) DEFAULT NULL,
  `Middle_Name` varchar(50) DEFAULT NULL,
  `Last_Name` varchar(50) DEFAULT NULL,
  `Gender_Ref` int DEFAULT NULL,
  `DOB` date DEFAULT NULL,
  `Community_Ref` int DEFAULT NULL,
  `Caste` varchar(50) DEFAULT NULL,
  `MailID` varchar(50) DEFAULT NULL,
  `Aadhar_Card` varchar(15) DEFAULT NULL,
  `Primary_ContactNumber` varchar(15) DEFAULT NULL,
  `Secondary_ContactNumber` varchar(15) DEFAULT NULL,
  `Address_Line1` varchar(250) DEFAULT NULL,
  `Address_Line2` varchar(250) DEFAULT NULL,
  `Address_Line3` varchar(45) DEFAULT NULL,
  `Address_Line4` varchar(45) DEFAULT NULL,
  `Correspondence_Address` varchar(255) DEFAULT NULL,
  `Photo` varchar(255) DEFAULT NULL,
  `Residential_Type_Ref` int DEFAULT NULL,
  `FA` int DEFAULT NULL,
  `Programme_Ref` int DEFAULT NULL,
  `Branch_Ref` int DEFAULT NULL,
  `Registration_Mode_Ref` int DEFAULT NULL,
  `Blood_Group_Ref` int DEFAULT NULL,
  `GATE_Cutoff_Mark` float DEFAULT NULL,
  `Admission_Date` date DEFAULT NULL,
  `Admission_Category_Ref` int DEFAULT NULL,
  `Scholarship_Received_Ref` int DEFAULT NULL,
  `Scholarship_Details` varchar(255) DEFAULT NULL,
  `NSS_NSO_YRC_Volunteer_Ref` int DEFAULT NULL,
  `Hostel_Block_Room` varchar(45) DEFAULT NULL
) ENGINE=InnoDB DEFAULT CHARSET=utf8mb4 COLLATE=utf8mb4_0900_ai_ci;

--
-- Dumping data for table `student`
--

INSERT INTO `student` (`Register_No`, `First_Name`, `Middle_Name`, `Last_Name`, `Gender_Ref`, `DOB`, `Community_Ref`, `Caste`, `MailID`, `Aadhar_Card`, `Primary_ContactNumber`, `Secondary_ContactNumber`, `Address_Line1`, `Address_Line2`, `Address_Line3`, `Address_Line4`, `Correspondence_Address`, `Photo`, `Residential_Type_Ref`, `FA`, `Programme_Ref`, `Branch_Ref`, `Registration_Mode_Ref`, `Blood_Group_Ref`, `GATE_Cutoff_Mark`, `Admission_Date`, `Admission_Category_Ref`, `Scholarship_Received_Ref`, `Scholarship_Details`, `NSS_NSO_YRC_Volunteer_Ref`, `Hostel_Block_Room`) VALUES
(4000, 'Anitha', '', 's', 67, '2020-10-02', 7, 'xxx', 'anithacse@gmail.com', 'adf333', 'zzz', '', 'zzz', 'zzz', 'zzz', 'zzz', 'zzz', 'photos/AULogo11601882158.jpg', 97, 5001, 99, 26, 88, 121, 345.55, '2020-10-09', 90, 87, 'zzz', 129, 'zzz'),
(6000, 'sss', '', 'sss', 67, '2020-10-10', 6, 'asasd', 'anithacse@gmail.com', '123456789123', '1234567890', '', 'yyy', 'yyy', 'yyy', 'sdfds', 'yyy', 'photos/Anitha_Photo1602148254.jpg', 96, 5001, 99, 26, 88, 121, 192, '2020-11-04', 91, -1, '', 129, 'fdgfdg'),
(2018503556, NULL, NULL, NULL, NULL, NULL, NULL, NULL, NULL, NULL, NULL, NULL, NULL, NULL, NULL, NULL, NULL, NULL, NULL, NULL, NULL, NULL, NULL, NULL, NULL, NULL, NULL, NULL, NULL, NULL, NULL),
(2018503557, 'student1', '', 'B', 66, '2000-03-22', 11, 'yyyxx', 'student1254@gmail.com', '332291039280', '9876543111', '1234561111', 'House No', 'Street', 'City', '600011', 'House No, Street, City, 600011', '', 97, 123, 99, 26, 88, 122, 197, '2021-01-01', 90, 87, '', 131, ''),
(2018615001, 'yyy', '', 'yyy', 67, '2020-10-09', 5, 'yyy', 'yyy', 'yyy', 'yyy', 'yyy', 'yyy', 'yyy', 'yyy', 'yyy', 'yyy', 'photos/AULogo11602068816.jpg', 96, 5001, 99, 26, 88, 122, 0, '2020-10-21', 90, 86, 'yyy', -1, 'yyy');

-- --------------------------------------------------------

--
-- Table structure for table `student_awards`
--

CREATE TABLE `student_awards` (
  `Award_ID` int NOT NULL,
  `Register_No` int NOT NULL,
  `Award_Name` varchar(255) DEFAULT NULL,
  `Organizer_Name` varchar(255) DEFAULT NULL,
  `Award_Type_Ref` int DEFAULT NULL,
  `Award_Category_Ref` int DEFAULT NULL,
  `Place_of_Event` varchar(50) DEFAULT NULL,
  `Certificate_Copy` varchar(255) DEFAULT NULL,
  `Award_Date` date DEFAULT NULL
) ENGINE=InnoDB DEFAULT CHARSET=utf8mb4 COLLATE=utf8mb4_0900_ai_ci;

--
-- Dumping data for table `student_awards`
--

INSERT INTO `student_awards` (`Award_ID`, `Register_No`, `Award_Name`, `Organizer_Name`, `Award_Type_Ref`, `Award_Category_Ref`, `Place_of_Event`, `Certificate_Copy`, `Award_Date`) VALUES
(4, 2018503557, '100m', 'CEG', 113, 114, '3rd', 'student-awards\\StudentAward_2018503557_4.pdf', '2020-10-28'),
(6, 2018503557, 'Data Hackathon', 'MIT', 112, 115, '1st', '', '2021-01-18'),
(8, 2018503557, 'award3', 'CEG', 112, 115, '3rd', '', '2021-01-07'),
(9, 2018503557, 'award55', 'sdadsd', 112, 115, 'aaa', 'student-awards\\StudentAward_2018503557_9.pdf', '2021-01-04');

-- --------------------------------------------------------

--
-- Table structure for table `student_endsemmarks`
--

CREATE TABLE `student_endsemmarks` (
  `Mark_ID` int NOT NULL,
  `Register_No` int NOT NULL,
  `Semester` int NOT NULL,
  `Course_Code` varchar(15) CHARACTER SET utf8 COLLATE utf8_general_ci DEFAULT NULL,
  `Session_Ref` int DEFAULT NULL,
  `Grade` varchar(3) NOT NULL,
  `Credits` int DEFAULT NULL,
  `Entry_Date` date DEFAULT NULL
) ENGINE=InnoDB DEFAULT CHARSET=utf8mb4 COLLATE=utf8mb4_0900_ai_ci;

--
-- Dumping data for table `student_endsemmarks`
--

INSERT INTO `student_endsemmarks` (`Mark_ID`, `Register_No`, `Semester`, `Course_Code`, `Session_Ref`, `Grade`, `Credits`, `Entry_Date`) VALUES
(228, 2018503557, 1, 'HS6151', 134, 'D', 4, '2021-01-07'),
(229, 2018503557, 1, 'PH6151', 135, 'E', 4, '2021-01-07'),
(230, 2018503557, 1, 'MA6151', 134, 'B', 3, '2021-01-07'),
(231, 2018503557, 1, 'CS6101', 134, 'B', 3, '2021-01-07'),
(232, 2018503557, 1, 'CS6102', 134, 'A', 3, '2021-01-07'),
(235, 2018503557, 2, 'HS6251', 134, 'O', 4, '2021-01-07'),
(236, 2018503557, 2, 'CY6251', 134, 'A', 4, '2021-01-07'),
(237, 2018503557, 2, 'MA6251', 134, 'B', 3, '2021-01-07'),
(238, 2018503557, 2, 'GE6251', 137, 'A', 4, '2021-01-07'),
(239, 2018503557, 2, 'CS6103', 134, 'C', 3, '2021-01-07'),
(240, 2018503557, 3, 'CS6104', 134, 'O', 3, '2021-01-11'),
(241, 2018503557, 3, 'CS6105', 134, 'B+', 2, '2021-01-11'),
(242, 2018503557, 3, 'MA6351', 138, 'A', 2, '2021-01-11');

-- --------------------------------------------------------

--
-- Table structure for table `student_events_participated`
--

CREATE TABLE `student_events_participated` (
  `Event_ID` int NOT NULL,
  `Register_No` int NOT NULL,
  `Event_Name` varchar(50) DEFAULT NULL,
  `Event_Type_Ref` int DEFAULT NULL,
  `Participation_Type_Ref` int DEFAULT NULL,
  `Team_Size` int DEFAULT NULL,
  `Event_Organizer` varchar(50) DEFAULT NULL,
  `Event_Date` date DEFAULT NULL,
  `Prize_Won_Details` varchar(255) DEFAULT NULL,
  `Certificate_Copy` varchar(255) CHARACTER SET utf8mb4 COLLATE utf8mb4_0900_ai_ci DEFAULT NULL
) ENGINE=InnoDB DEFAULT CHARSET=utf8mb4 COLLATE=utf8mb4_0900_ai_ci;

--
-- Dumping data for table `student_events_participated`
--

INSERT INTO `student_events_participated` (`Event_ID`, `Register_No`, `Event_Name`, `Event_Type_Ref`, `Participation_Type_Ref`, `Team_Size`, `Event_Organizer`, `Event_Date`, `Prize_Won_Details`, `Certificate_Copy`) VALUES
(22, 2018503557, 'event1a', 133, 120, 9, 'org1', '2020-10-31', 'prize1', 'student-events-participated\\StudentEventParticipated_2018503557_22.pdf');

-- --------------------------------------------------------

--
-- Table structure for table `student_family_details`
--

CREATE TABLE `student_family_details` (
  `Family_ID` int NOT NULL,
  `Register_No` int NOT NULL,
  `Father_Name` varchar(50) DEFAULT NULL,
  `Mother_Name` varchar(50) DEFAULT NULL,
  `Father_ContactNumber` varchar(15) DEFAULT NULL,
  `Mother_ContactNumber` varchar(15) DEFAULT NULL,
  `Father_MailID` varchar(50) DEFAULT NULL,
  `Mother_MailID` varchar(15) DEFAULT NULL,
  `Father_Occupation` varchar(255) DEFAULT NULL,
  `Mother_Occupation` varchar(255) DEFAULT NULL,
  `Father_Affilation` varchar(50) DEFAULT NULL,
  `Mother_Affilation` varchar(50) DEFAULT NULL,
  `Father_Company` varchar(50) DEFAULT NULL,
  `Mother_Company` varchar(50) DEFAULT NULL,
  `Parents_Annual_Income` bigint DEFAULT NULL,
  `Local_Guardian_Name` varchar(50) DEFAULT NULL,
  `Local_Guardian_Address` varchar(255) DEFAULT NULL,
  `Local_Guardian_Contact_Number` varchar(15) DEFAULT NULL
) ENGINE=InnoDB DEFAULT CHARSET=utf8mb4 COLLATE=utf8mb4_0900_ai_ci;

--
-- Dumping data for table `student_family_details`
--

INSERT INTO `student_family_details` (`Family_ID`, `Register_No`, `Father_Name`, `Mother_Name`, `Father_ContactNumber`, `Mother_ContactNumber`, `Father_MailID`, `Mother_MailID`, `Father_Occupation`, `Mother_Occupation`, `Father_Affilation`, `Mother_Affilation`, `Father_Company`, `Mother_Company`, `Parents_Annual_Income`, `Local_Guardian_Name`, `Local_Guardian_Address`, `Local_Guardian_Contact_Number`) VALUES
(1, 2018503557, 'father', 'moher', '9876543217', '1111111111', 'father@gmail.co', 'mother@gmail.co', 'Occupationf', 'Occupationm', 'Affilationf', 'Affilationm', 'CompanyF', 'CompanyM', 500000, 'Guardian', 'Guard1,Road1,City1,560077', '7890123459');

-- --------------------------------------------------------

--
-- Table structure for table `student_gpa`
--

CREATE TABLE `student_gpa` (
  `Gpa_ID` int NOT NULL,
  `Register_No` int NOT NULL,
  `Semester` int NOT NULL,
  `GPA` float NOT NULL,
  `Grade_Sheet` varchar(255) NOT NULL
) ENGINE=InnoDB DEFAULT CHARSET=utf8mb4 COLLATE=utf8mb4_0900_ai_ci;

--
-- Dumping data for table `student_gpa`
--

INSERT INTO `student_gpa` (`Gpa_ID`, `Register_No`, `Semester`, `GPA`, `Grade_Sheet`) VALUES
(10, 4000, 1, 7, 'gradesheets/dynamicarray1602054854.pdf'),
(11, 4000, 2, 8, 'gradesheets/Class TT-20201602054920.pdf'),
(12, 6000, 1, 7, 'gradesheets/dynamicarray1602153412.pdf'),
(13, 2018503557, 1, 8.76, ''),
(14, 2018503557, 2, 6.98, ''),
(15, 2018503557, 3, 9.69, 'student-grade-sheets\\StudentGradeSheet_2018503557_15.pdf'),
(16, 2018503557, 4, 0, ''),
(17, 2018503557, 5, 9.7, '');

-- --------------------------------------------------------

--
-- Table structure for table `student_higherstudies`
--

CREATE TABLE `student_higherstudies` (
  `HigherStudies_ID` int NOT NULL,
  `Register_No` int NOT NULL,
  `University` varchar(255) DEFAULT NULL,
  `Degree` varchar(50) DEFAULT NULL,
  `Specialization` varchar(50) DEFAULT NULL,
  `Admission_Mode_Ref` int DEFAULT NULL,
  `Score` float DEFAULT NULL,
  `Country` varchar(45) DEFAULT NULL,
  `Location` varchar(45) DEFAULT NULL,
  `LOR_Details` varchar(255) DEFAULT NULL,
  `Score_Card_Copy` varchar(255) NOT NULL
) ENGINE=InnoDB DEFAULT CHARSET=utf8mb4 COLLATE=utf8mb4_0900_ai_ci;

--
-- Dumping data for table `student_higherstudies`
--

INSERT INTO `student_higherstudies` (`HigherStudies_ID`, `Register_No`, `University`, `Degree`, `Specialization`, `Admission_Mode_Ref`, `Score`, `Country`, `Location`, `LOR_Details`, `Score_Card_Copy`) VALUES
(2, 2018503557, 'IISC', 'M.Sc', 'Data Science', 104, 332, 'India', 'Bangalore', 'abcd', 'student-higher-studies/StudentHigherStudies_2018503557_2.pdf'),
(5, 2018503557, 'IIM', 'MBA', 'Data Science', 111, 319, 'India', 'Bangalore', 'Details', '');

-- --------------------------------------------------------

--
-- Table structure for table `student_internship`
--

CREATE TABLE `student_internship` (
  `Internship_ID` int NOT NULL,
  `Register_No` int NOT NULL,
  `Company` varchar(255) DEFAULT NULL,
  `Title` varchar(255) NOT NULL,
  `Order_Copy` varchar(255) CHARACTER SET utf8mb4 COLLATE utf8mb4_0900_ai_ci DEFAULT NULL,
  `Address` varchar(255) DEFAULT NULL,
  `Start_Date` date DEFAULT NULL,
  `End_Date` date DEFAULT NULL,
  `Stiphend_Option_Ref` int DEFAULT NULL,
  `Stiphend_Amount` float DEFAULT NULL,
  `Selection_Mode_Ref` int DEFAULT NULL
) ENGINE=InnoDB DEFAULT CHARSET=utf8mb4 COLLATE=utf8mb4_0900_ai_ci;

--
-- Dumping data for table `student_internship`
--

INSERT INTO `student_internship` (`Internship_ID`, `Register_No`, `Company`, `Title`, `Order_Copy`, `Address`, `Start_Date`, `End_Date`, `Stiphend_Option_Ref`, `Stiphend_Amount`, `Selection_Mode_Ref`) VALUES
(4, 2018503557, 'CE', 'postal', 'student-internships\\StudentInternship_2018503557_4.pdf', '19 DOOR Chenna', '2020-10-13', '2021-09-16', 86, 235, 118),
(5, 2018503557, 'Wipro', 'Systems Intern', '', 'xxx', '2020-10-21', '2020-10-14', 87, 0, 117),
(11, 2018503557, 'Microsoft', 'intern3', '', 'Chennai', '2021-01-01', '2021-01-07', 86, 3000, 117),
(12, 2018503557, 'Google', 'Assistant Software', 'student-internships\\StudentInternship_2018503557_12.pdf', 'adadasd', '2021-01-03', '2021-01-31', 86, 11000, 117);

-- --------------------------------------------------------

--
-- Table structure for table `student_placement`
--

CREATE TABLE `student_placement` (
  `Placement_ID` int NOT NULL,
  `Register_No` int NOT NULL,
  `Company` varchar(255) DEFAULT NULL,
  `Package` float DEFAULT NULL,
  `Appointment_Order_Copy` varchar(255) CHARACTER SET utf8mb4 COLLATE utf8mb4_0900_ai_ci DEFAULT NULL,
  `Location` varchar(45) DEFAULT NULL,
  `Designation` varchar(45) DEFAULT NULL,
  `Appointment_OrderNum` varchar(45) DEFAULT NULL,
  `Appointment_Letter_IssueDate` date DEFAULT NULL,
  `Joining_Date` date DEFAULT NULL,
  `Placement_Type_Ref` int DEFAULT NULL
) ENGINE=InnoDB DEFAULT CHARSET=utf8mb4 COLLATE=utf8mb4_0900_ai_ci;

--
-- Dumping data for table `student_placement`
--

INSERT INTO `student_placement` (`Placement_ID`, `Register_No`, `Company`, `Package`, `Appointment_Order_Copy`, `Location`, `Designation`, `Appointment_OrderNum`, `Appointment_Letter_IssueDate`, `Joining_Date`, `Placement_Type_Ref`) VALUES
(4, 2018503557, 'Samsung', 11.5, 'student-placements\\StudentPlacement_2018503557_4.pdf', 'xss', 'rrr', 'AS2345', '2020-10-07', '2020-10-30', 103),
(10, 2018503557, 'Redmi', 81119, NULL, 'hghvhgv', 'ghvhvhg', 'jbjhbhj', '2021-01-03', '2021-01-03', 103);

-- --------------------------------------------------------

--
-- Table structure for table `subj_allot`
--

CREATE TABLE `subj_allot` (
  `sallot_id` int NOT NULL,
  `staff_id` int NOT NULL,
  `course_code` varchar(15) NOT NULL,
  `group_ref` int NOT NULL,
  `session_ref` int NOT NULL,
  `class_room` varchar(15) DEFAULT NULL,
  `student_count` int DEFAULT NULL
) ENGINE=InnoDB DEFAULT CHARSET=utf8;

--
-- Dumping data for table `subj_allot`
--

INSERT INTO `subj_allot` (`sallot_id`, `staff_id`, `course_code`, `group_ref`, `session_ref`, `class_room`, `student_count`) VALUES
(1, 123, 'HS6151', 2, 6, 'LHC101', 130),
(2, 123, 'PH6151', 2, 6, 'LHC102', 140),
(3, 710, 'MA6151', 2, 6, 'LHC103', 145),
(4, 711, 'CS6101', 2, 6, 'LHC104', 138),
(5, 712, 'CS6102', 2, 6, 'LHC105', 133),
(6, 710, 'HS6251', 2, 7, 'LHC107', 134),
(7, 123, 'CY6251', 2, 7, 'LHC108', 131),
(8, 711, 'MA6251', 2, 7, 'LHC109', 139),
(9, 712, 'GE6251', 2, 7, 'LHC110', 133),
(10, 123, 'CS6103', 2, 7, 'LHC201', 138),
(11, 123, 'CS6104', 2, 8, 'LHC202', 131),
(12, 712, 'CS6105', 2, 8, 'LHC203', 137),
(13, 712, 'MA6351', 2, 8, 'LHC204', 133),
(14, 710, 'EE6351', 2, 8, 'LHC205', 135),
(15, 123, 'OE6392', 2, 8, 'LHC206', 131),
(16, 710, 'CS6106', 2, 9, 'LHC207', 135),
(17, 123, 'CS6107', 2, 9, 'LHC208', 132),
(18, 711, 'CS6108', 2, 9, 'LHC209', 139),
(19, 712, 'CS6202', 2, 9, 'LHC210', 137),
(20, 123, 'OE6394', 2, 9, 'RLHC101', 135),
(21, 711, 'CS6109', 2, 11, 'RLHC102', 131),
(22, 710, 'CS6110', 2, 11, 'RLHC103', 138),
(23, 712, 'CS6111', 2, 11, 'RLHC104', 135),
(24, 123, 'MA6201', 2, 11, 'RLHC105', 133),
(25, 710, 'CS6308', 2, 11, 'RLHC106', 135),
(26, 123, 'CS6201', 2, 11, 'RLHC107', 136);

-- --------------------------------------------------------

--
-- Table structure for table `user_info`
--

CREATE TABLE `user_info` (
  `user_ID` int NOT NULL,
  `username` int NOT NULL,
  `user_role` varchar(10) DEFAULT NULL,
  `password` varchar(10) DEFAULT NULL,
  `status` varchar(10) DEFAULT NULL,
  `create_time` timestamp NULL DEFAULT CURRENT_TIMESTAMP
) ENGINE=InnoDB DEFAULT CHARSET=utf8mb4 COLLATE=utf8mb4_0900_ai_ci;

--
-- Dumping data for table `user_info`
--

INSERT INTO `user_info` (`user_ID`, `username`, `user_role`, `password`, `status`, `create_time`) VALUES
(2016506001, 2016506000, NULL, '12345', NULL, '2020-10-01 04:11:17'),
(2016506002, 2016506001, NULL, '12345', NULL, '2020-10-01 04:11:49'),
(2016506003, 4000, NULL, '1234', 'Y', '2020-10-01 04:12:12'),
(2016506004, 2018615001, NULL, '1234', NULL, '2020-10-07 11:05:54'),
(2016506005, 6000, NULL, '1234', NULL, '2020-10-08 06:06:45');

--
-- Indexes for dumped tables
--

--
-- Indexes for table `category`
--
ALTER TABLE `category`
  ADD PRIMARY KEY (`category_id`);

--
-- Indexes for table `course_assesseval`
--
ALTER TABLE `course_assesseval`
  ADD PRIMARY KEY (`cassesseval_id`),
  ADD KEY `code_fk_idx` (`course_code`),
  ADD KEY `group_fk_idx` (`group_ref`),
  ADD KEY `session_fk_idx` (`session_ref`),
  ADD KEY `regnum_fk_idx` (`reg_no`);

--
-- Indexes for table `course_assessment`
--
ALTER TABLE `course_assessment`
  ADD PRIMARY KEY (`cassess_id`),
  ADD KEY `course_code` (`course_code`,`group_ref`,`session_ref`),
  ADD KEY `course_assessment_ibfk_1` (`session_ref`),
  ADD KEY `group_ref` (`group_ref`);

--
-- Indexes for table `course_assigneval`
--
ALTER TABLE `course_assigneval`
  ADD PRIMARY KEY (`cassigneval_id`),
  ADD UNIQUE KEY `cassigneval_id_UNIQUE` (`cassigneval_id`),
  ADD KEY `code_fk_idx` (`course_code`),
  ADD KEY `group_fk_idx` (`group_ref`),
  ADD KEY `session_fk_idx` (`session_ref`),
  ADD KEY `regnum_fk_idx` (`reg_no`);

--
-- Indexes for table `course_assignment`
--
ALTER TABLE `course_assignment`
  ADD PRIMARY KEY (`cassign_id`),
  ADD UNIQUE KEY `cassign_id_UNIQUE` (`cassign_id`),
  ADD KEY `code_fk_idx` (`course_code`),
  ADD KEY `group_fk_idx` (`group_ref`),
  ADD KEY `session_fk_idx` (`session_ref`);

--
-- Indexes for table `course_attendance`
--
ALTER TABLE `course_attendance`
  ADD PRIMARY KEY (`cattend_id`),
  ADD KEY `code_fk_idx` (`course_code`),
  ADD KEY `group_fk_idx` (`group_ref`),
  ADD KEY `session_fk_idx` (`session_ref`),
  ADD KEY `regno_fk_idx` (`reg_no`);

--
-- Indexes for table `course_list`
--
ALTER TABLE `course_list`
  ADD PRIMARY KEY (`course_code`);

--
-- Indexes for table `course_reference_table`
--
ALTER TABLE `course_reference_table`
  ADD PRIMARY KEY (`reference_id`),
  ADD UNIQUE KEY `reference_id_UNIQUE` (`reference_id`),
  ADD UNIQUE KEY `ref_code_UNIQUE` (`ref_code`);

--
-- Indexes for table `course_registered_students`
--
ALTER TABLE `course_registered_students`
  ADD PRIMARY KEY (`cregst_id`),
  ADD UNIQUE KEY `cregst_id_UNIQUE` (`cregst_id`),
  ADD KEY `code_fk_idx` (`course_code`),
  ADD KEY `regno_fk_idx` (`reg_no`),
  ADD KEY `group_fk_idx` (`group_ref`),
  ADD KEY `session_fk_idx` (`session_ref`);

--
-- Indexes for table `credentials`
--
ALTER TABLE `credentials`
  ADD PRIMARY KEY (`Credentials_ID`),
  ADD UNIQUE KEY `Username` (`Username`(128)),
  ADD KEY `Register_No` (`Register_No`) USING BTREE;

--
-- Indexes for table `person`
--
ALTER TABLE `person`
  ADD PRIMARY KEY (`Person_ID`),
  ADD UNIQUE KEY `Person_ID_UNIQUE` (`Person_ID`),
  ADD KEY `Gender_Reference_ID_FK_idx` (`Gender_Ref`),
  ADD KEY `Community_Reference_ID_FK_idx` (`Community_Ref`),
  ADD KEY `Marital_Status_Reference_ID_FK_idx` (`Marital_Status_Ref`),
  ADD KEY `Prefix_Reference_ID_FK_idx` (`Prefix_Ref`);

--
-- Indexes for table `person_guestlecture`
--
ALTER TABLE `person_guestlecture`
  ADD PRIMARY KEY (`GuestLecture_ID`),
  ADD UNIQUE KEY `GuestLecture_ID_UNIQUE` (`GuestLecture_ID`),
  ADD KEY `Level_Reference_ID_FK_idx` (`Level_Ref`),
  ADD KEY `Person_ID_FK215` (`Person_ID`);

--
-- Indexes for table `person_reference_table`
--
ALTER TABLE `person_reference_table`
  ADD PRIMARY KEY (`Reference_ID`),
  ADD UNIQUE KEY `Reference_ID_UNIQUE` (`Reference_ID`),
  ADD UNIQUE KEY `Ref_Code` (`Ref_Code`);

--
-- Indexes for table `student`
--
ALTER TABLE `student`
  ADD PRIMARY KEY (`Register_No`),
  ADD UNIQUE KEY `Person_ID_UNIQUE` (`Register_No`),
  ADD KEY `Gender_Reference_ID_FK_idx` (`Gender_Ref`),
  ADD KEY `Resedential_Reference_ID_FK_idx` (`Residential_Type_Ref`),
  ADD KEY `Programme_Reference_ID_FK_idx` (`Programme_Ref`),
  ADD KEY `Branch_Reference_ID_FK_idx` (`Branch_Ref`),
  ADD KEY `Community_Reference_ID_FK_idx` (`Community_Ref`),
  ADD KEY `Registration_Mode_FK_idx` (`Registration_Mode_Ref`),
  ADD KEY `Blood_Group_FK_idx` (`Blood_Group_Ref`),
  ADD KEY `Admission_Category_FK_idx` (`Admission_Category_Ref`),
  ADD KEY `Scholarship_FK_idx` (`Scholarship_Received_Ref`),
  ADD KEY `Volunteer_FK_idx` (`NSS_NSO_YRC_Volunteer_Ref`);

--
-- Indexes for table `student_awards`
--
ALTER TABLE `student_awards`
  ADD PRIMARY KEY (`Award_ID`),
  ADD UNIQUE KEY `Academic_ID_UNIQUE` (`Award_ID`),
  ADD KEY `Person_ID_FK219` (`Register_No`),
  ADD KEY `Award_Type_FK_idx` (`Award_Type_Ref`),
  ADD KEY `Award_Category_FK_idx` (`Award_Category_Ref`);

--
-- Indexes for table `student_endsemmarks`
--
ALTER TABLE `student_endsemmarks`
  ADD PRIMARY KEY (`Mark_ID`),
  ADD UNIQUE KEY `Academic_ID_UNIQUE` (`Mark_ID`),
  ADD KEY `Person_ID_FK219` (`Register_No`),
  ADD KEY `Session_FK_idx2` (`Session_Ref`),
  ADD KEY `Course_Code` (`Course_Code`);

--
-- Indexes for table `student_events_participated`
--
ALTER TABLE `student_events_participated`
  ADD PRIMARY KEY (`Event_ID`),
  ADD UNIQUE KEY `Academic_ID_UNIQUE` (`Event_ID`),
  ADD KEY `Person_ID_FK219` (`Register_No`),
  ADD KEY `Event_Type_FK_idx` (`Event_Type_Ref`),
  ADD KEY `Participation_Type_FK_idx` (`Participation_Type_Ref`);

--
-- Indexes for table `student_family_details`
--
ALTER TABLE `student_family_details`
  ADD PRIMARY KEY (`Family_ID`),
  ADD UNIQUE KEY `Family_ID_UNIQUE` (`Family_ID`),
  ADD KEY `Register_Num_FK` (`Register_No`);

--
-- Indexes for table `student_gpa`
--
ALTER TABLE `student_gpa`
  ADD PRIMARY KEY (`Gpa_ID`),
  ADD KEY `Register_No` (`Register_No`);

--
-- Indexes for table `student_higherstudies`
--
ALTER TABLE `student_higherstudies`
  ADD PRIMARY KEY (`HigherStudies_ID`),
  ADD UNIQUE KEY `Academic_ID_UNIQUE` (`HigherStudies_ID`),
  ADD KEY `Person_ID_FK219` (`Register_No`),
  ADD KEY `Admission_Mode_FK_idx` (`Admission_Mode_Ref`);

--
-- Indexes for table `student_internship`
--
ALTER TABLE `student_internship`
  ADD PRIMARY KEY (`Internship_ID`),
  ADD UNIQUE KEY `Academic_ID_UNIQUE` (`Internship_ID`),
  ADD KEY `Person_ID_FK219` (`Register_No`),
  ADD KEY `Stiphend_Option_FK_idx` (`Stiphend_Option_Ref`),
  ADD KEY `Stiphend_Mode_FK_idx` (`Selection_Mode_Ref`);

--
-- Indexes for table `student_placement`
--
ALTER TABLE `student_placement`
  ADD PRIMARY KEY (`Placement_ID`),
  ADD UNIQUE KEY `Academic_ID_UNIQUE` (`Placement_ID`),
  ADD KEY `Person_ID_FK219` (`Register_No`),
  ADD KEY `Placement_Type_FK_idx` (`Placement_Type_Ref`);

--
-- Indexes for table `subj_allot`
--
ALTER TABLE `subj_allot`
  ADD PRIMARY KEY (`sallot_id`),
  ADD UNIQUE KEY `sallot_id_UNIQUE` (`sallot_id`),
  ADD KEY `staff_id_fk_idx` (`staff_id`),
  ADD KEY `course_id_fk_idx` (`course_code`),
  ADD KEY `group_fk_idx` (`group_ref`),
  ADD KEY `session_fk_idx` (`session_ref`);

--
-- Indexes for table `user_info`
--
ALTER TABLE `user_info`
  ADD PRIMARY KEY (`user_ID`),
  ADD UNIQUE KEY `user_ID_UNIQUE` (`user_ID`);

--
-- AUTO_INCREMENT for dumped tables
--

--
-- AUTO_INCREMENT for table `course_assesseval`
--
ALTER TABLE `course_assesseval`
  MODIFY `cassesseval_id` int NOT NULL AUTO_INCREMENT, AUTO_INCREMENT=16;

--
-- AUTO_INCREMENT for table `course_assigneval`
--
ALTER TABLE `course_assigneval`
  MODIFY `cassigneval_id` int NOT NULL AUTO_INCREMENT, AUTO_INCREMENT=9;

--
-- AUTO_INCREMENT for table `course_assignment`
--
ALTER TABLE `course_assignment`
  MODIFY `cassign_id` int NOT NULL AUTO_INCREMENT, AUTO_INCREMENT=13;

--
-- AUTO_INCREMENT for table `course_attendance`
--
ALTER TABLE `course_attendance`
  MODIFY `cattend_id` int NOT NULL AUTO_INCREMENT, AUTO_INCREMENT=87;

--
-- AUTO_INCREMENT for table `course_reference_table`
--
ALTER TABLE `course_reference_table`
  MODIFY `reference_id` int NOT NULL AUTO_INCREMENT, AUTO_INCREMENT=12;

--
-- AUTO_INCREMENT for table `course_registered_students`
--
ALTER TABLE `course_registered_students`
  MODIFY `cregst_id` int NOT NULL AUTO_INCREMENT, AUTO_INCREMENT=27;

--
-- AUTO_INCREMENT for table `credentials`
--
ALTER TABLE `credentials`
  MODIFY `Credentials_ID` int NOT NULL AUTO_INCREMENT, AUTO_INCREMENT=3;

--
-- AUTO_INCREMENT for table `person_guestlecture`
--
ALTER TABLE `person_guestlecture`
  MODIFY `GuestLecture_ID` int NOT NULL AUTO_INCREMENT;

--
-- AUTO_INCREMENT for table `person_reference_table`
--
ALTER TABLE `person_reference_table`
  MODIFY `Reference_ID` int NOT NULL AUTO_INCREMENT, AUTO_INCREMENT=146;

--
-- AUTO_INCREMENT for table `student_awards`
--
ALTER TABLE `student_awards`
  MODIFY `Award_ID` int NOT NULL AUTO_INCREMENT, AUTO_INCREMENT=10;

--
-- AUTO_INCREMENT for table `student_endsemmarks`
--
ALTER TABLE `student_endsemmarks`
  MODIFY `Mark_ID` int NOT NULL AUTO_INCREMENT, AUTO_INCREMENT=250;

--
-- AUTO_INCREMENT for table `student_events_participated`
--
ALTER TABLE `student_events_participated`
  MODIFY `Event_ID` int NOT NULL AUTO_INCREMENT, AUTO_INCREMENT=54;

--
-- AUTO_INCREMENT for table `student_family_details`
--
ALTER TABLE `student_family_details`
  MODIFY `Family_ID` int NOT NULL AUTO_INCREMENT, AUTO_INCREMENT=2;

--
-- AUTO_INCREMENT for table `student_gpa`
--
ALTER TABLE `student_gpa`
  MODIFY `Gpa_ID` int NOT NULL AUTO_INCREMENT, AUTO_INCREMENT=18;

--
-- AUTO_INCREMENT for table `student_higherstudies`
--
ALTER TABLE `student_higherstudies`
  MODIFY `HigherStudies_ID` int NOT NULL AUTO_INCREMENT, AUTO_INCREMENT=6;

--
-- AUTO_INCREMENT for table `student_internship`
--
ALTER TABLE `student_internship`
  MODIFY `Internship_ID` int NOT NULL AUTO_INCREMENT, AUTO_INCREMENT=13;

--
-- AUTO_INCREMENT for table `student_placement`
--
ALTER TABLE `student_placement`
  MODIFY `Placement_ID` int NOT NULL AUTO_INCREMENT, AUTO_INCREMENT=12;

--
-- AUTO_INCREMENT for table `subj_allot`
--
ALTER TABLE `subj_allot`
  MODIFY `sallot_id` int NOT NULL AUTO_INCREMENT, AUTO_INCREMENT=27;

--
-- AUTO_INCREMENT for table `user_info`
--
ALTER TABLE `user_info`
  MODIFY `user_ID` int NOT NULL AUTO_INCREMENT, AUTO_INCREMENT=2016506006;

--
-- Constraints for dumped tables
--

--
-- Constraints for table `course_assesseval`
--
ALTER TABLE `course_assesseval`
  ADD CONSTRAINT `course_assesseval_ibfk_1` FOREIGN KEY (`course_code`) REFERENCES `course_list` (`course_code`) ON DELETE CASCADE ON UPDATE CASCADE,
  ADD CONSTRAINT `course_assesseval_ibfk_2` FOREIGN KEY (`group_ref`) REFERENCES `course_reference_table` (`reference_id`) ON DELETE CASCADE ON UPDATE CASCADE,
  ADD CONSTRAINT `course_assesseval_ibfk_3` FOREIGN KEY (`session_ref`) REFERENCES `course_reference_table` (`reference_id`) ON DELETE CASCADE ON UPDATE CASCADE,
  ADD CONSTRAINT `course_assesseval_ibfk_4` FOREIGN KEY (`reg_no`) REFERENCES `student` (`Register_No`) ON DELETE CASCADE ON UPDATE CASCADE;

--
-- Constraints for table `course_assessment`
--
ALTER TABLE `course_assessment`
  ADD CONSTRAINT `course_assessment_ibfk_1` FOREIGN KEY (`session_ref`) REFERENCES `course_reference_table` (`reference_id`) ON DELETE CASCADE ON UPDATE CASCADE,
  ADD CONSTRAINT `course_assessment_ibfk_2` FOREIGN KEY (`group_ref`) REFERENCES `course_reference_table` (`reference_id`) ON DELETE CASCADE ON UPDATE CASCADE,
  ADD CONSTRAINT `course_assessment_ibfk_3` FOREIGN KEY (`course_code`) REFERENCES `course_list` (`course_code`) ON DELETE CASCADE ON UPDATE CASCADE;

--
-- Constraints for table `course_assigneval`
--
ALTER TABLE `course_assigneval`
  ADD CONSTRAINT `course_assigneval_ibfk_1` FOREIGN KEY (`course_code`) REFERENCES `course_list` (`course_code`) ON DELETE CASCADE ON UPDATE CASCADE,
  ADD CONSTRAINT `course_assigneval_ibfk_2` FOREIGN KEY (`group_ref`) REFERENCES `course_reference_table` (`reference_id`) ON DELETE CASCADE ON UPDATE CASCADE,
  ADD CONSTRAINT `course_assigneval_ibfk_3` FOREIGN KEY (`session_ref`) REFERENCES `course_reference_table` (`reference_id`) ON DELETE CASCADE ON UPDATE CASCADE,
  ADD CONSTRAINT `course_assigneval_ibfk_4` FOREIGN KEY (`reg_no`) REFERENCES `student` (`Register_No`) ON DELETE RESTRICT ON UPDATE RESTRICT;

--
-- Constraints for table `course_assignment`
--
ALTER TABLE `course_assignment`
  ADD CONSTRAINT `course_assignment_ibfk_1` FOREIGN KEY (`course_code`) REFERENCES `course_list` (`course_code`) ON DELETE CASCADE ON UPDATE CASCADE,
  ADD CONSTRAINT `course_assignment_ibfk_2` FOREIGN KEY (`group_ref`) REFERENCES `course_reference_table` (`reference_id`) ON DELETE CASCADE ON UPDATE CASCADE,
  ADD CONSTRAINT `course_assignment_ibfk_3` FOREIGN KEY (`session_ref`) REFERENCES `course_reference_table` (`reference_id`) ON DELETE CASCADE ON UPDATE CASCADE;

--
-- Constraints for table `course_attendance`
--
ALTER TABLE `course_attendance`
  ADD CONSTRAINT `course_attendance_ibfk_1` FOREIGN KEY (`course_code`) REFERENCES `course_list` (`course_code`) ON DELETE CASCADE ON UPDATE CASCADE,
  ADD CONSTRAINT `course_attendance_ibfk_2` FOREIGN KEY (`group_ref`) REFERENCES `course_reference_table` (`reference_id`) ON DELETE CASCADE ON UPDATE CASCADE,
  ADD CONSTRAINT `course_attendance_ibfk_3` FOREIGN KEY (`session_ref`) REFERENCES `course_reference_table` (`reference_id`) ON DELETE CASCADE ON UPDATE CASCADE,
  ADD CONSTRAINT `course_attendance_ibfk_4` FOREIGN KEY (`reg_no`) REFERENCES `student` (`Register_No`) ON DELETE RESTRICT ON UPDATE RESTRICT;

--
-- Constraints for table `course_registered_students`
--
ALTER TABLE `course_registered_students`
  ADD CONSTRAINT `course_registered_students_ibfk_1` FOREIGN KEY (`course_code`) REFERENCES `course_list` (`course_code`) ON DELETE CASCADE ON UPDATE CASCADE,
  ADD CONSTRAINT `course_registered_students_ibfk_2` FOREIGN KEY (`reg_no`) REFERENCES `student` (`Register_No`) ON DELETE CASCADE ON UPDATE CASCADE,
  ADD CONSTRAINT `course_registered_students_ibfk_3` FOREIGN KEY (`group_ref`) REFERENCES `course_reference_table` (`reference_id`) ON DELETE CASCADE ON UPDATE CASCADE,
  ADD CONSTRAINT `course_registered_students_ibfk_4` FOREIGN KEY (`session_ref`) REFERENCES `course_reference_table` (`reference_id`) ON DELETE RESTRICT ON UPDATE RESTRICT;

--
-- Constraints for table `credentials`
--
ALTER TABLE `credentials`
  ADD CONSTRAINT `fk_Register_No` FOREIGN KEY (`Register_No`) REFERENCES `student` (`Register_No`) ON DELETE RESTRICT ON UPDATE RESTRICT;

--
-- Constraints for table `person_guestlecture`
--
ALTER TABLE `person_guestlecture`
  ADD CONSTRAINT `Level_Reference_ID_FK2` FOREIGN KEY (`Level_Ref`) REFERENCES `person_reference_table` (`Ref_Code`) ON DELETE CASCADE ON UPDATE CASCADE,
  ADD CONSTRAINT `Person_ID_FK215` FOREIGN KEY (`Person_ID`) REFERENCES `student` (`Register_No`) ON DELETE CASCADE ON UPDATE CASCADE;

--
-- Constraints for table `student`
--
ALTER TABLE `student`
  ADD CONSTRAINT `Admission_Category_FK` FOREIGN KEY (`Admission_Category_Ref`) REFERENCES `person_reference_table` (`Ref_Code`) ON DELETE CASCADE ON UPDATE CASCADE,
  ADD CONSTRAINT `Blood_Group_FK` FOREIGN KEY (`Blood_Group_Ref`) REFERENCES `person_reference_table` (`Ref_Code`) ON DELETE CASCADE ON UPDATE CASCADE,
  ADD CONSTRAINT `Branch_Reference_ID_FK` FOREIGN KEY (`Branch_Ref`) REFERENCES `person_reference_table` (`Ref_Code`),
  ADD CONSTRAINT `Community_Reference_ID_FK` FOREIGN KEY (`Community_Ref`) REFERENCES `person_reference_table` (`Ref_Code`) ON DELETE CASCADE ON UPDATE CASCADE,
  ADD CONSTRAINT `Gender_Reference_ID_FK` FOREIGN KEY (`Gender_Ref`) REFERENCES `person_reference_table` (`Ref_Code`) ON DELETE CASCADE ON UPDATE CASCADE,
  ADD CONSTRAINT `Programme_Reference_ID_FK` FOREIGN KEY (`Programme_Ref`) REFERENCES `person_reference_table` (`Ref_Code`),
  ADD CONSTRAINT `Registration_Mode_FK` FOREIGN KEY (`Registration_Mode_Ref`) REFERENCES `person_reference_table` (`Ref_Code`) ON DELETE CASCADE ON UPDATE CASCADE,
  ADD CONSTRAINT `Resedential_Reference_ID_FK` FOREIGN KEY (`Residential_Type_Ref`) REFERENCES `person_reference_table` (`Ref_Code`) ON DELETE CASCADE ON UPDATE CASCADE,
  ADD CONSTRAINT `Scholarship_FK` FOREIGN KEY (`Scholarship_Received_Ref`) REFERENCES `person_reference_table` (`Ref_Code`) ON DELETE CASCADE ON UPDATE CASCADE,
  ADD CONSTRAINT `Volunteer_FK` FOREIGN KEY (`NSS_NSO_YRC_Volunteer_Ref`) REFERENCES `person_reference_table` (`Ref_Code`) ON DELETE CASCADE ON UPDATE CASCADE;

--
-- Constraints for table `student_awards`
--
ALTER TABLE `student_awards`
  ADD CONSTRAINT `Award_Category_FK` FOREIGN KEY (`Award_Category_Ref`) REFERENCES `person_reference_table` (`Ref_Code`) ON DELETE CASCADE ON UPDATE CASCADE,
  ADD CONSTRAINT `Award_Type_FK` FOREIGN KEY (`Award_Type_Ref`) REFERENCES `person_reference_table` (`Ref_Code`) ON DELETE CASCADE ON UPDATE CASCADE,
  ADD CONSTRAINT `Person_ID_FK21902` FOREIGN KEY (`Register_No`) REFERENCES `student` (`Register_No`) ON DELETE CASCADE ON UPDATE CASCADE;

--
-- Constraints for table `student_endsemmarks`
--
ALTER TABLE `student_endsemmarks`
  ADD CONSTRAINT `Person_ID_FK21900` FOREIGN KEY (`Register_No`) REFERENCES `student` (`Register_No`) ON DELETE CASCADE ON UPDATE CASCADE,
  ADD CONSTRAINT `Session_FK2` FOREIGN KEY (`Session_Ref`) REFERENCES `person_reference_table` (`Ref_Code`) ON DELETE CASCADE ON UPDATE CASCADE,
  ADD CONSTRAINT `student_endsemmarks_ibfk_1` FOREIGN KEY (`Course_Code`) REFERENCES `course_list` (`course_code`);

--
-- Constraints for table `student_events_participated`
--
ALTER TABLE `student_events_participated`
  ADD CONSTRAINT `Event_Type_FK` FOREIGN KEY (`Event_Type_Ref`) REFERENCES `person_reference_table` (`Ref_Code`) ON DELETE CASCADE ON UPDATE CASCADE,
  ADD CONSTRAINT `Participation_Type_FK` FOREIGN KEY (`Participation_Type_Ref`) REFERENCES `person_reference_table` (`Ref_Code`) ON DELETE CASCADE ON UPDATE CASCADE,
  ADD CONSTRAINT `Person_ID_FK219020` FOREIGN KEY (`Register_No`) REFERENCES `student` (`Register_No`) ON DELETE CASCADE ON UPDATE CASCADE;

--
-- Constraints for table `student_family_details`
--
ALTER TABLE `student_family_details`
  ADD CONSTRAINT `Register_Num_FK` FOREIGN KEY (`Register_No`) REFERENCES `student` (`Register_No`) ON DELETE CASCADE ON UPDATE CASCADE;

--
-- Constraints for table `student_gpa`
--
ALTER TABLE `student_gpa`
  ADD CONSTRAINT `student_gpa_ibfk_1` FOREIGN KEY (`Register_No`) REFERENCES `student` (`Register_No`) ON DELETE RESTRICT ON UPDATE RESTRICT;

--
-- Constraints for table `student_higherstudies`
--
ALTER TABLE `student_higherstudies`
  ADD CONSTRAINT `Admission_Mode_FK` FOREIGN KEY (`Admission_Mode_Ref`) REFERENCES `person_reference_table` (`Ref_Code`) ON DELETE CASCADE ON UPDATE CASCADE,
  ADD CONSTRAINT `Person_ID_FK21901` FOREIGN KEY (`Register_No`) REFERENCES `student` (`Register_No`) ON DELETE CASCADE ON UPDATE CASCADE;

--
-- Constraints for table `student_internship`
--
ALTER TABLE `student_internship`
  ADD CONSTRAINT `Person_ID_FK21903` FOREIGN KEY (`Register_No`) REFERENCES `student` (`Register_No`) ON DELETE CASCADE ON UPDATE CASCADE,
  ADD CONSTRAINT `Stiphend_Mode_FK` FOREIGN KEY (`Selection_Mode_Ref`) REFERENCES `person_reference_table` (`Ref_Code`) ON DELETE CASCADE ON UPDATE CASCADE,
  ADD CONSTRAINT `Stiphend_Option_FK` FOREIGN KEY (`Stiphend_Option_Ref`) REFERENCES `person_reference_table` (`Ref_Code`) ON DELETE CASCADE ON UPDATE CASCADE;

--
-- Constraints for table `student_placement`
--
ALTER TABLE `student_placement`
  ADD CONSTRAINT `Person_ID_FK2190` FOREIGN KEY (`Register_No`) REFERENCES `student` (`Register_No`) ON DELETE CASCADE ON UPDATE CASCADE,
  ADD CONSTRAINT `Placement_Type_FK` FOREIGN KEY (`Placement_Type_Ref`) REFERENCES `person_reference_table` (`Ref_Code`) ON DELETE CASCADE ON UPDATE CASCADE;

--
-- Constraints for table `subj_allot`
--
ALTER TABLE `subj_allot`
  ADD CONSTRAINT `subj_allot_ibfk_1` FOREIGN KEY (`group_ref`) REFERENCES `course_reference_table` (`reference_id`) ON DELETE CASCADE ON UPDATE CASCADE,
  ADD CONSTRAINT `subj_allot_ibfk_2` FOREIGN KEY (`session_ref`) REFERENCES `course_reference_table` (`reference_id`) ON DELETE CASCADE ON UPDATE CASCADE,
  ADD CONSTRAINT `subj_allot_ibfk_3` FOREIGN KEY (`course_code`) REFERENCES `course_list` (`course_code`) ON DELETE CASCADE ON UPDATE CASCADE,
  ADD CONSTRAINT `subj_allot_ibfk_4` FOREIGN KEY (`staff_id`) REFERENCES `person` (`Person_ID`) ON DELETE CASCADE ON UPDATE CASCADE;
COMMIT;

/*!40101 SET CHARACTER_SET_CLIENT=@OLD_CHARACTER_SET_CLIENT */;
/*!40101 SET CHARACTER_SET_RESULTS=@OLD_CHARACTER_SET_RESULTS */;
/*!40101 SET COLLATION_CONNECTION=@OLD_COLLATION_CONNECTION */;
